#
# A fatal error has been detected by the Java Runtime Environment:
#
#  EXCEPTION_ACCESS_VIOLATION (0xc0000005) at pc=0x00007ffacfeee0a9, pid=15184, tid=36928
#
# JRE version: OpenJDK Runtime Environment Microsoft-8297089 (17.0.8.1+1) (build 17.0.8.1+1-LTS)
# Java VM: OpenJDK 64-Bit Server VM Microsoft-8297089 (17.0.8.1+1-LTS, mixed mode, sharing, tiered, compressed oops, compressed class ptrs, g1 gc, windows-amd64)
# Problematic frame:
# V  [jvm.dll+0x2be0a9]
#
# No core dump will be written. Minidumps are not enabled by default on client versions of Windows
#
# If you would like to submit a bug report, please visit:
#   https://github.com/microsoft/openjdk/issues
#

---------------  S U M M A R Y ------------

Command Line: --add-opens=java.base/java.lang=ALL-UNNAMED --add-opens=java.base/java.lang.invoke=ALL-UNNAMED --add-opens=java.base/java.util=ALL-UNNAMED --add-opens=java.prefs/java.util.prefs=ALL-UNNAMED --add-exports=jdk.compiler/com.sun.tools.javac.api=ALL-UNNAMED --add-exports=jdk.compiler/com.sun.tools.javac.util=ALL-UNNAMED --add-opens=java.base/java.util=ALL-UNNAMED --add-opens=java.prefs/java.util.prefs=ALL-UNNAMED --add-opens=java.base/java.nio.charset=ALL-UNNAMED --add-opens=java.base/java.net=ALL-UNNAMED --add-opens=java.base/java.util.concurrent.atomic=ALL-UNNAMED --add-opens=java.xml/javax.xml.namespace=ALL-UNNAMED -Xmx4G -Dfile.encoding=GBK -Duser.country=CN -Duser.language=zh -Duser.variant -javaagent:C:\Users\DsDogs\.gradle\wrapper\dists\gradle-8.14-all\8mguqc37c200i71ledpgw8n5m\gradle-8.14\lib\agents\gradle-instrumentation-agent-8.14.jar org.gradle.launcher.daemon.bootstrap.GradleDaemon 8.14

Host: AMD Ryzen 9 7945HX with Radeon Graphics        , 32 cores, 15G,  Windows 11 , 64 bit Build 26100 (10.0.26100.8875)
Time: Sun Aug  2 17:08:01 2026  Windows 11 , 64 bit Build 26100 (10.0.26100.8875) elapsed time: 23.398894 seconds (0d 0h 0m 23s)

---------------  T H R E A D  ---------------

Current thread (0x000002d2e1bbdae0):  JavaThread "C2 CompilerThread1" daemon [_thread_in_native, id=36928, stack(0x000000eb8fc00000,0x000000eb8fd00000)]


Current CompileTask:
C2:  23399 11777   !   4       org.gradle.cache.internal.DefaultMultiProcessSafeIndexedCache::getIfPresent (25 bytes)

Stack: [0x000000eb8fc00000,0x000000eb8fd00000],  sp=0x000000eb8fcfb4d0,  free space=1005k
Native frames: (J=compiled Java code, j=interpreted, Vv=VM code, C=native code)
V  [jvm.dll+0x2be0a9]
V  [jvm.dll+0x21ba8b]
V  [jvm.dll+0x21944b]
V  [jvm.dll+0x1a56b6]
V  [jvm.dll+0x2291ea]
V  [jvm.dll+0x22724c]
V  [jvm.dll+0x7efd0c]
V  [jvm.dll+0x7ea13a]
V  [jvm.dll+0x67ad85]
C  [ucrtbase.dll+0x2cd30]
C  [KERNEL32.DLL+0x2e957]
C  [ntdll.dll+0xaad6c]


siginfo: EXCEPTION_ACCESS_VIOLATION (0xc0000005), reading address 0x0000000000000028


Register to memory mapping:

RIP=0x00007ffacfeee0a9 jvm.dll
RAX=0x000002d2e4d95c00 points into unknown readable memory: 0x0000000000000000 | 00 00 00 00 00 00 00 00
RBX=0x00000000000014c5 is an unknown value
RCX=0x0 is NULL
RDX=0x0 is NULL
RSP=0x000000eb8fcfb4d0 is pointing into the stack for thread: 0x000002d2e1bbdae0
RBP=0x000000eb8fcfb540 is pointing into the stack for thread: 0x000002d2e1bbdae0
RSI=0x0 is NULL
RDI=0x000000000000003b is an unknown value
R8 =0x000000000000ffe0 is an unknown value
R9 =0x0 is NULL
R10=0x00007ffb89a30000 VCRUNTIME140.dll
R11=0x000002d2e4d95c20 points into unknown readable memory: 0x0000000000000000 | 00 00 00 00 00 00 00 00
R12=0x0000000000000050 is an unknown value
R13=0x0 is NULL
R14=0x0 is NULL
R15=0x000000eb8fcfe6f0 is pointing into the stack for thread: 0x000002d2e1bbdae0


Registers:
RAX=0x000002d2e4d95c00, RBX=0x00000000000014c5, RCX=0x0000000000000000, RDX=0x0000000000000000
RSP=0x000000eb8fcfb4d0, RBP=0x000000eb8fcfb540, RSI=0x0000000000000000, RDI=0x000000000000003b
R8 =0x000000000000ffe0, R9 =0x0000000000000000, R10=0x00007ffb89a30000, R11=0x000002d2e4d95c20
R12=0x0000000000000050, R13=0x0000000000000000, R14=0x0000000000000000, R15=0x000000eb8fcfe6f0
RIP=0x00007ffacfeee0a9, EFLAGS=0x0000000000010202

Top of Stack: (sp=0x000000eb8fcfb4d0)
0x000000eb8fcfb4d0:   00000000000014c5 0000000000000000
0x000000eb8fcfb4e0:   000000eb8fcfe6f0 00007ffacfe538d1
0x000000eb8fcfb4f0:   000002d2df6f9e10 00007ffa00002000
0x000000eb8fcfb500:   000002d2e4d95c00 0000000000000000
0x000000eb8fcfb510:   0000000000000002 000002d2e4d02af0
0x000000eb8fcfb520:   0000000000000002 000002d2df6f9e10
0x000000eb8fcfb530:   0000000000000000 0000000000000000
0x000000eb8fcfb540:   000002d2e14338e0 000002d2f22add10
0x000000eb8fcfb550:   000000000000003b 00007ffad0574c08
0x000000eb8fcfb560:   000000eb8fcfb670 00007ffacfe4ba8b
0x000000eb8fcfb570:   000000eb8fcfe6f0 00007ffad0574c08
0x000000eb8fcfb580:   000000eb8fcfe6f0 000000eb8fcfb670
0x000000eb8fcfb590:   000002d200000000 00007ffad024b7fb
0x000000eb8fcfb5a0:   000000eb0000000f 000000eb8fcfe6f0
0x000000eb8fcfb5b0:   000000eb8fcfb720 0000000000000000
0x000000eb8fcfb5c0:   000002d200000100 00007ffad0574c08 

Instructions: (pc=0x00007ffacfeee0a9)
0x00007ffacfeedfa9:   3b d0 75 0b ff c1 41 3b c9 7c dc 48 8b c2 c3 33
0x00007ffacfeedfb9:   c0 c3 cc cc cc cc cc 48 89 5c 24 18 55 56 57 41
0x00007ffacfeedfc9:   55 41 57 48 8b ec 48 83 ec 70 65 48 8b 04 25 58
0x00007ffacfeedfd9:   00 00 00 48 8b f2 44 8b 05 92 8b 90 00 4c 8b f9
0x00007ffacfeedfe9:   4a 8b 1c c0 b8 50 00 00 00 80 3c 18 00 75 05 e8
0x00007ffacfeedff9:   8b 6f 5d 00 b8 20 00 00 00 48 8b 04 18 48 8b 98
0x00007ffacfeee009:   38 02 00 00 48 89 5d b0 c7 45 b8 04 00 00 00 48
0x00007ffacfeee019:   8b 43 18 48 83 f8 df 76 18 4c 8d 05 37 a9 65 00
0x00007ffacfeee029:   ba 20 00 00 00 48 8b cb e8 5a eb de ff 48 8b 43
0x00007ffacfeee039:   18 48 8d 48 20 48 3b 4b 20 76 11 45 33 c0 48 8b
0x00007ffacfeee049:   cb 41 8d 50 20 e8 fd e8 de ff eb 04 48 89 4b 18
0x00007ffacfeee059:   44 8b 45 b8 33 d2 49 c1 e0 03 48 8b c8 48 89 45
0x00007ffacfeee069:   c0 e8 e3 80 5d 00 45 33 ed 48 8d 4d d0 44 89 6d
0x00007ffacfeee079:   c8 e8 01 59 56 00 41 8b 9f 40 02 00 00 41 2b 9f
0x00007ffacfeee089:   68 02 00 00 44 89 6d f0 3b 5d b8 72 0b 8b d3 48
0x00007ffacfeee099:   8d 4d b0 e8 6f b3 39 00 48 8b 45 c0 4c 89 2c d8
0x00007ffacfeee0a9:   8b 7e 28 8b df c1 eb 05 3b 5d d0 72 0b 8b d3 48
0x00007ffacfeee0b9:   8d 4d d0 e8 1f 59 56 00 48 8b 45 d8 83 e7 1f 48
0x00007ffacfeee0c9:   8d 14 98 40 0f b6 cf 41 b8 01 00 00 00 41 d3 e0
0x00007ffacfeee0d9:   8b 0a 8b c1 41 0b c0 89 02 41 85 c8 75 21 8b 5d
0x00007ffacfeee0e9:   c8 8d 43 01 89 45 c8 3b 5d b8 72 0b 8b d3 48 8d
0x00007ffacfeee0f9:   4d b0 e8 10 b3 39 00 48 8b 45 c0 48 89 34 d8 44
0x00007ffacfeee109:   39 6d c8 0f 86 77 01 00 00 4c 89 a4 24 a0 00 00
0x00007ffacfeee119:   00 4c 89 b4 24 a8 00 00 00 48 8b 45 c0 41 8b cd
0x00007ffacfeee129:   48 8b 34 c8 8b 46 2c 25 ff 1f 00 00 3d 04 10 00
0x00007ffacfeee139:   00 0f 85 a7 00 00 00 bb 01 00 00 00 39 5e 18 76
0x00007ffacfeee149:   39 66 0f 1f 44 00 00 48 8b 46 08 8b cb 48 8b 14
0x00007ffacfeee159:   c8 48 85 d2 74 1d 48 83 7a 10 00 74 16 80 7a 2c
0x00007ffacfeee169:   84 74 10 e8 7f 7e ee ff 48 8b d0 49 8b cf e8 a4
0x00007ffacfeee179:   61 f6 ff ff c3 3b 5e 18 72 cd 48 8b 5e 10 8b 46
0x00007ffacfeee189:   20 4c 8d 34 c3 49 3b de 73 54 48 8b 3b 8b 47 2c
0x00007ffacfeee199:   83 e0 03 3c 03 75 2e 48 8b 07 48 8b cf ff 90 88 


Stack slot to memory mapping:
stack at sp + 0 slots: 0x00000000000014c5 is an unknown value
stack at sp + 1 slots: 0x0 is NULL
stack at sp + 2 slots: 0x000000eb8fcfe6f0 is pointing into the stack for thread: 0x000002d2e1bbdae0
stack at sp + 3 slots: 0x00007ffacfe538d1 jvm.dll
stack at sp + 4 slots: 0x000002d2df6f9e10 points into unknown readable memory: 0x7573002f00000006 | 06 00 00 00 2f 00 73 75
stack at sp + 5 slots: 0x00007ffa00002000 is an unknown value
stack at sp + 6 slots: 0x000002d2e4d95c00 points into unknown readable memory: 0x0000000000000000 | 00 00 00 00 00 00 00 00
stack at sp + 7 slots: 0x0 is NULL


---------------  P R O C E S S  ---------------

Threads class SMR info:
_java_thread_list=0x000002d2e29d6190, length=393, elements={
0x000002d2f2294990, 0x000002d2fef25ab0, 0x000002d2fef26480, 0x000002d2992aa8b0,
0x000002d2992ab180, 0x000002d2992aba50, 0x000002d2992ae330, 0x000002d2992aef30,
0x000002d2992c7860, 0x000002d2992d6ef0, 0x000002d2993d4c90, 0x000002d2993d7380,
0x000002d2994cbee0, 0x000002d2df7d9520, 0x000002d2e07fd420, 0x000002d2e0742450,
0x000002d2e070f5e0, 0x000002d2e071f700, 0x000002d2df763e40, 0x000002d2df764350,
0x000002d2df764860, 0x000002d2df764d70, 0x000002d2df765280, 0x000002d2df761fe0,
0x000002d2df7624f0, 0x000002d2df763420, 0x000002d299441060, 0x000002d2994429b0,
0x000002d299441f90, 0x000002d299441570, 0x000002d299446670, 0x000002d299447090,
0x000002d299446160, 0x000002d2994438e0, 0x000002d299447fc0, 0x000002d2994489e0,
0x000002d2df761ad0, 0x000002d2e1bbf570, 0x000002d2e1bbc050, 0x000002d2e1597d10,
0x000002d2e1598220, 0x000002d2e1596de0, 0x000002d2e1598730, 0x000002d2e1599660,
0x000002d2e15972f0, 0x000002d2e1599b70, 0x000002d2e1599150, 0x000002d2e15963c0,
0x000002d2e159a080, 0x000002d2e15968d0, 0x000002d2e159aaa0, 0x000002d2e159b9d0,
0x000002d2e159c900, 0x000002d2e159b4c0, 0x000002d2e159c3f0, 0x000002d2e159bee0,
0x000002d2e159afb0, 0x000002d2e159ce10, 0x000002d2e159d320, 0x000002d2e159d830,
0x000002d2e159dd40, 0x000002d2e159a590, 0x000002d2df8db640, 0x000002d2df8dc060,
0x000002d2df8de3d0, 0x000002d2df8df300, 0x000002d2df8dbb50, 0x000002d2df8dcf90,
0x000002d2df8de8e0, 0x000002d2df8dedf0, 0x000002d2df8dfd20, 0x000002d2df8dc570,
0x000002d2df8e0230, 0x000002d2df8dca80, 0x000002d2df8dd9b0, 0x000002d2df8e0740,
0x000002d2df8e0c50, 0x000002d2df8dd4a0, 0x000002d2df8e1160, 0x000002d2df8ddec0,
0x000002d2df8e1670, 0x000002d2df8e2090, 0x000002d2df8e1b80, 0x000002d2df8e25a0,
0x000002d2df8e2ab0, 0x000002d2df8e2fc0, 0x000002d2e17697d0, 0x000002d2e176bb40,
0x000002d2e176a700, 0x000002d2e176b120, 0x000002d2e176ac10, 0x000002d2e1769ce0,
0x000002d2e176b630, 0x000002d2e176c050, 0x000002d2e17688a0, 0x000002d2e176a1f0,
0x000002d2e176c560, 0x000002d2e1768db0, 0x000002d2e176ca70, 0x000002d2e17692c0,
0x000002d2e176fd10, 0x000002d2e176e3c0, 0x000002d2e176e8d0, 0x000002d2e176ede0,
0x000002d2e176f2f0, 0x000002d2e176f800, 0x000002d2e1770220, 0x000002d2e176deb0,
0x000002d2e176d9a0, 0x000002d2e176cf80, 0x000002d2e176d490, 0x000002d2df169ec0,
0x000002d2df16a3d0, 0x000002d2df1694a0, 0x000002d2df168a80, 0x000002d2df1699b0,
0x000002d2df16adf0, 0x000002d2df168f90, 0x000002d2df16b810, 0x000002d2df16b300,
0x000002d2df16a8e0, 0x000002d2df168060, 0x000002d2e1bbdae0, 0x000002d2df16f4d0,
0x000002d2df16db80, 0x000002d2df16c230, 0x000002d2df16d670, 0x000002d2df16e090,
0x000002d2df16d160, 0x000002d2df16efc0, 0x000002d2df16cc50, 0x000002d2df16e5a0,
0x000002d2df16c740, 0x000002d2df16eab0, 0x000002d2e5630e70, 0x000002d2e562eb00,
0x000002d2e562ff40, 0x000002d2e5631380, 0x000002d2e562f520, 0x000002d2e562f010,
0x000002d2e5630450, 0x000002d2e5631890, 0x000002d2e562e0e0, 0x000002d2e5630960,
0x000002d2e5631da0, 0x000002d2e562e5f0, 0x000002d2e56322b0, 0x000002d2e56327c0,
0x000002d2e5632cd0, 0x000002d2e56331e0, 0x000002d2e562fa30, 0x000002d2e5634b30,
0x000002d2e5635550, 0x000002d2e5633c00, 0x000002d2e5635040, 0x000002d2e5635a60,
0x000002d2dfaff450, 0x000002d2dfb026f0, 0x000002d2dfb00890, 0x000002d2dfaffe70,
0x000002d2dfb012b0, 0x000002d2dfb021e0, 0x000002d2dfb02c00, 0x000002d2dfaff960,
0x000002d2dfb00380, 0x000002d2dfb00da0, 0x000002d2dfb017c0, 0x000002d2dfb01cd0,
0x000002d2e5634110, 0x000002d2e0a77f90, 0x000002d2e0a76130, 0x000002d2e0a76640,
0x000002d2e0a77060, 0x000002d2e0a77570, 0x000002d2e0a74cf0, 0x000002d2e0a77a80,
0x000002d2e0a76b50, 0x000002d2e0a75c20, 0x000002d2e0a784a0, 0x000002d2e0a75200,
0x000002d2e0a789b0, 0x000002d2e0a78ec0, 0x000002d2e0a75710, 0x000002d2e0a7b230,
0x000002d2e0a7c160, 0x000002d2e0a7c670, 0x000002d2e0a793d0, 0x000002d2e0a798e0,
0x000002d2e0a79df0, 0x000002d2e0a7a300, 0x000002d2e0a7a810, 0x000002d2e0a7ad20,
0x000002d2e0a7b740, 0x000002d2e0a7bc50, 0x000002d2e52b3f20, 0x000002d2e52b4430,
0x000002d2e52b2ff0, 0x000002d2e52b3a10, 0x000002d2e52b5360, 0x000002d2e52b4940,
0x000002d2e52b4e50, 0x000002d2e52b3500, 0x000002d2e52b25d0, 0x000002d2e52b5870,
0x000002d2e52b20c0, 0x000002d2e52b5d80, 0x000002d2e52b6290, 0x000002d2e52b2ae0,
0x000002d2e52b9020, 0x000002d2e52b67a0, 0x000002d2e52b76d0, 0x000002d2e52b7be0,
0x000002d2e52b80f0, 0x000002d2e52b6cb0, 0x000002d2e52b8b10, 0x000002d2e52b71c0,
0x000002d2e52b8600, 0x000002d2e52b9530, 0x000002d2e52b9a40, 0x000002d2e2076f90,
0x000002d2e2075130, 0x000002d2e2075b50, 0x000002d2e2076570, 0x000002d2e2075640,
0x000002d2e2076060, 0x000002d2e20774a0, 0x000002d2e2076a80, 0x000002d2e2073cf0,
0x000002d2e2074c20, 0x000002d2e2074200, 0x000002d2e20779b0, 0x000002d2e2077ec0,
0x000002d2e2074710, 0x000002d2e207a740, 0x000002d2e20783d0, 0x000002d2e207b160,
0x000002d2e2079810, 0x000002d2e2079300, 0x000002d2e2079d20, 0x000002d2e20788e0,
0x000002d2e207ac50, 0x000002d2e2078df0, 0x000002d2e207a230, 0x000002d2e207b670,
0x000002d299444300, 0x000002d2e4414780, 0x000002d2e4413850, 0x000002d2e4413340,
0x000002d2e4413d60, 0x000002d2e4414c90, 0x000002d2e4412410, 0x000002d2e4414270,
0x000002d2e44151a0, 0x000002d2e4412920, 0x000002d2e44156b0, 0x000002d2e4415bc0,
0x000002d2e44160d0, 0x000002d2e44165e0, 0x000002d2e4412e30, 0x000002d2e4417000,
0x000002d2e4417510, 0x000002d2e4417a20, 0x000002d2e4416af0, 0x000002d2e4419370,
0x000002d2e441a2a0, 0x000002d2e4417f30, 0x000002d2e4419880, 0x000002d2e4418950,
0x000002d2e4418e60, 0x000002d2e441a7b0, 0x000002d2e441acc0, 0x000002d2e4418440,
0x000002d2e441b1d0, 0x000002d2e441cb20, 0x000002d2e441d030, 0x000002d2e441b6e0,
0x000002d2e441bbf0, 0x000002d2e441d540, 0x000002d2e441c100, 0x000002d2e4419d90,
0x000002d2e441e470, 0x000002d2e441c610, 0x000002d2e441fdc0, 0x000002d2e441e980,
0x000002d2e441f8b0, 0x000002d2e44207e0, 0x000002d2e441da50, 0x000002d2e44202d0,
0x000002d2e4420cf0, 0x000002d2e4421710, 0x000002d2e4421200, 0x000002d2e441df60,
0x000002d2e441ee90, 0x000002d2e441f3a0, 0x000002d2dfd65da0, 0x000002d2dfd667c0,
0x000002d2dfd662b0, 0x000002d2dfd66cd0, 0x000002d2dfd67c00, 0x000002d2dfd671e0,
0x000002d2dfd676f0, 0x000002d2dfd68110, 0x000002d2dfd68620, 0x000002d2dfd65380,
0x000002d2dfd68b30, 0x000002d2dfd69040, 0x000002d2dfd65890, 0x000002d2dfd6b8c0,
0x000002d2dfd6bdd0, 0x000002d2dfd6a990, 0x000002d2dfd6c2e0, 0x000002d2dfd6c7f0,
0x000002d2dfd6cd00, 0x000002d2dfd6aea0, 0x000002d2dfd69550, 0x000002d2dfd6a480,
0x000002d2dfd6d210, 0x000002d2dfd6b3b0, 0x000002d2dfd69a60, 0x000002d2dfd6d720,
0x000002d2dfd69f70, 0x000002d2dfd6eb60, 0x000002d2dfd6e140, 0x000002d2dfd6e650,
0x000002d2dfd6ffa0, 0x000002d2dfd704b0, 0x000002d2dfd70ed0, 0x000002d2dfd713e0,
0x000002d2dfd6dc30, 0x000002d2dfd72820, 0x000002d2dfd73c60, 0x000002d2dfd74170,
0x000002d2dfd73240, 0x000002d2dfd718f0, 0x000002d2dfd73750, 0x000002d2dfd71e00,
0x000002d2dfd72310, 0x000002d2dfd74680, 0x000002d2dfd72d30, 0x000002d2dfd74b90,
0x000002d2e3f03490, 0x000002d2e3f01b40, 0x000002d2e3f02050, 0x000002d2e3f039a0,
0x000002d2e3f03eb0, 0x000002d2e3f02a70, 0x000002d2e3f01630, 0x000002d2e3f05d10,
0x000002d2e3f05800, 0x000002d2e3f02f80, 0x000002d2e3f048d0, 0x000002d2e3f02560,
0x000002d2e3f06220, 0x000002d2e3f052f0, 0x000002d2e3f04de0, 0x000002d2e3f06730,
0x000002d2e3f06c40, 0x000002d2e3f07b70, 0x000002d2e3f043c0, 0x000002d2e3f0a900,
0x000002d2e3f09ee0, 0x000002d2e3f08080, 0x000002d2e3f08fb0, 0x000002d2e3f07660,
0x000002d2e3f0a3f0, 0x000002d2e3f07150, 0x000002d2e3f0ae10, 0x000002d2e3f094c0,
0x000002d2e3f0b320, 0x000002d2e3f0b830, 0x000002d2e3f0bd40, 0x000002d2e3f08590,
0x000002d2e3f0c250, 0x000002d2e3f08aa0, 0x000002d2e3f099d0, 0x000002d2e3f0e5c0,
0x000002d2e3f0d180, 0x000002d2e3f0d690, 0x000002d2e3f0ff10, 0x000002d2e3f0dba0,
0x000002d2e3f0cc70, 0x000002d2e3f0c760, 0x000002d2e3f0f4f0, 0x000002d2e3f0ead0,
0x000002d2e3f0e0b0, 0x000002d2e3f0efe0, 0x000002d2e3f0fa00, 0x000002d2e3f10930,
0x000002d2e3f10e40, 0x000002d2e1c15ec0, 0x000002d2e1c163d0, 0x000002d2e0864e00,
0x000002d2e1bbfac0
}

Java Threads: ( => current thread )
  0x000002d2f2294990 JavaThread "main" [_thread_blocked, id=45704, stack(0x000000eb8ea00000,0x000000eb8eb00000)]
  0x000002d2fef25ab0 JavaThread "Reference Handler" daemon [_thread_blocked, id=29012, stack(0x000000eb8f100000,0x000000eb8f200000)]
  0x000002d2fef26480 JavaThread "Finalizer" daemon [_thread_blocked, id=43280, stack(0x000000eb8f200000,0x000000eb8f300000)]
  0x000002d2992aa8b0 JavaThread "Signal Dispatcher" daemon [_thread_blocked, id=37572, stack(0x000000eb8f300000,0x000000eb8f400000)]
  0x000002d2992ab180 JavaThread "Attach Listener" daemon [_thread_blocked, id=9136, stack(0x000000eb8f400000,0x000000eb8f500000)]
  0x000002d2992aba50 JavaThread "Service Thread" daemon [_thread_blocked, id=3736, stack(0x000000eb8f500000,0x000000eb8f600000)]
  0x000002d2992ae330 JavaThread "Monitor Deflation Thread" daemon [_thread_blocked, id=47032, stack(0x000000eb8f600000,0x000000eb8f700000)]
  0x000002d2992aef30 JavaThread "C2 CompilerThread0" daemon [_thread_in_native, id=37740, stack(0x000000eb8f700000,0x000000eb8f800000)]
  0x000002d2992c7860 JavaThread "C1 CompilerThread0" daemon [_thread_blocked, id=21884, stack(0x000000eb8f800000,0x000000eb8f900000)]
  0x000002d2992d6ef0 JavaThread "Sweeper thread" daemon [_thread_blocked, id=38008, stack(0x000000eb8f900000,0x000000eb8fa00000)]
  0x000002d2993d4c90 JavaThread "Common-Cleaner" daemon [_thread_blocked, id=19252, stack(0x000000eb8fa00000,0x000000eb8fb00000)]
  0x000002d2993d7380 JavaThread "C1 CompilerThread1" daemon [_thread_blocked, id=46288, stack(0x000000eb8fb00000,0x000000eb8fc00000)]
  0x000002d2994cbee0 JavaThread "Notification Thread" daemon [_thread_blocked, id=46824, stack(0x000000eb8fe00000,0x000000eb8ff00000)]
  0x000002d2df7d9520 JavaThread "Daemon health stats" [_thread_blocked, id=5280, stack(0x000000eb8fd00000,0x000000eb8fe00000)]
  0x000002d2e07fd420 JavaThread "Incoming local TCP Connector on port 7785" [_thread_in_native, id=46988, stack(0x000000eb90500000,0x000000eb90600000)]
  0x000002d2e0742450 JavaThread "Daemon periodic checks" [_thread_blocked, id=7280, stack(0x000000eb90900000,0x000000eb90a00000)]
  0x000002d2e070f5e0 JavaThread "Daemon" [_thread_blocked, id=46252, stack(0x000000eb90a00000,0x000000eb90b00000)]
  0x000002d2e071f700 JavaThread "Handler for socket connection from /127.0.0.1:7785 to /127.0.0.1:7787" [_thread_in_native, id=44496, stack(0x000000eb90b00000,0x000000eb90c00000)]
  0x000002d2df763e40 JavaThread "Cancel handler" [_thread_blocked, id=46328, stack(0x000000eb90c00000,0x000000eb90d00000)]
  0x000002d2df764350 JavaThread "Daemon worker" [_thread_in_native, id=15188, stack(0x000000eb90d00000,0x000000eb90e00000)]
  0x000002d2df764860 JavaThread "Asynchronous log dispatcher for DefaultDaemonConnection: socket connection from /127.0.0.1:7785 to /127.0.0.1:7787" [_thread_blocked, id=28876, stack(0x000000eb90e00000,0x000000eb90f00000)]
  0x000002d2df764d70 JavaThread "Stdin handler" [_thread_blocked, id=43484, stack(0x000000eb90f00000,0x000000eb91000000)]
  0x000002d2df765280 JavaThread "Daemon client event forwarder" [_thread_blocked, id=38724, stack(0x000000eb91000000,0x000000eb91100000)]
  0x000002d2df761fe0 JavaThread "Cache worker for journal cache (C:\Users\DsDogs\.gradle\caches\journal-1)" [_thread_blocked, id=18468, stack(0x000000eb90800000,0x000000eb90900000)]
  0x000002d2df7624f0 JavaThread "File lock request listener" [_thread_in_native, id=39500, stack(0x000000eb91100000,0x000000eb91200000)]
  0x000002d2df763420 JavaThread "Cache worker for file hash cache (C:\Users\DsDogs\.gradle\caches\8.14\fileHashes)" [_thread_blocked, id=36036, stack(0x000000eb91200000,0x000000eb91300000)]
  0x000002d299441060 JavaThread "Cache worker for file hash cache (C:\Users\DsDogs\Desktop\developper\Varnamalaplus\Varnamalaplus\android\.gradle\8.14\fileHashes)" [_thread_blocked, id=40928, stack(0x000000eb92700000,0x000000eb92800000)]
  0x000002d2994429b0 JavaThread "Cache worker for Build Output Cleanup Cache (C:\Users\DsDogs\Desktop\developper\Varnamalaplus\Varnamalaplus\android\.gradle\buildOutputCleanup)" [_thread_blocked, id=21128, stack(0x000000eb92800000,0x000000eb92900000)]
  0x000002d299441f90 JavaThread "File watcher server" daemon [_thread_in_native, id=39960, stack(0x000000eb92e00000,0x000000eb92f00000)]
  0x000002d299441570 JavaThread "File watcher consumer" daemon [_thread_blocked, id=43204, stack(0x000000eb92f00000,0x000000eb93000000)]
  0x000002d299446670 JavaThread "jar transforms" [_thread_blocked, id=31720, stack(0x000000eb93200000,0x000000eb93300000)]
  0x000002d299447090 JavaThread "Cache worker for checksums cache (C:\Users\DsDogs\Desktop\developper\Varnamalaplus\Varnamalaplus\android\.gradle\8.14\checksums)" [_thread_blocked, id=10440, stack(0x000000eb93300000,0x000000eb93400000)]
  0x000002d299446160 JavaThread "Cache worker for file content cache (C:\Users\DsDogs\.gradle\caches\8.14\fileContent)" [_thread_blocked, id=35560, stack(0x000000eb93400000,0x000000eb93500000)]
  0x000002d2994438e0 JavaThread "Cache worker for cache directory md-supplier (C:\Users\DsDogs\.gradle\caches\8.14\md-supplier)" [_thread_blocked, id=45116, stack(0x000000eb93500000,0x000000eb93600000)]
  0x000002d299447fc0 JavaThread "Cache worker for cache directory md-rule (C:\Users\DsDogs\.gradle\caches\8.14\md-rule)" [_thread_blocked, id=44168, stack(0x000000eb93600000,0x000000eb93700000)]
  0x000002d2994489e0 JavaThread "Problems report writer" [_thread_blocked, id=43572, stack(0x000000eb93100000,0x000000eb93200000)]
  0x000002d2df761ad0 JavaThread "Cache worker for Build Output Cleanup Cache (C:\Users\DsDogs\Desktop\developper\flutter_flutter\packages\flutter_tools\gradle\.gradle\buildOutputCleanup)" [_thread_blocked, id=43344, stack(0x000000eb91500000,0x000000eb91600000)]
  0x000002d2e1bbf570 JavaThread "C1 CompilerThread2" daemon [_thread_blocked, id=43784, stack(0x000000eb90600000,0x000000eb90700000)]
  0x000002d2e1bbc050 JavaThread "C1 CompilerThread3" daemon [_thread_blocked, id=38608, stack(0x000000eb91300000,0x000000eb91400000)]
  0x000002d2e1597d10 JavaThread "Unconstrained build operations" [_thread_blocked, id=36720, stack(0x000000eb93800000,0x000000eb93900000)]
  0x000002d2e1598220 JavaThread "Unconstrained build operations Thread 2" [_thread_blocked, id=43988, stack(0x000000eb93900000,0x000000eb93a00000)]
  0x000002d2e1596de0 JavaThread "Unconstrained build operations Thread 3" [_thread_blocked, id=44700, stack(0x000000eb93a00000,0x000000eb93b00000)]
  0x000002d2e1598730 JavaThread "Unconstrained build operations Thread 4" [_thread_blocked, id=36452, stack(0x000000eb93b00000,0x000000eb93c00000)]
  0x000002d2e1599660 JavaThread "Unconstrained build operations Thread 5" [_thread_blocked, id=30728, stack(0x000000eb93c00000,0x000000eb93d00000)]
  0x000002d2e15972f0 JavaThread "Unconstrained build operations Thread 6" [_thread_blocked, id=36012, stack(0x000000eb93d00000,0x000000eb93e00000)]
  0x000002d2e1599b70 JavaThread "Unconstrained build operations Thread 7" [_thread_blocked, id=34648, stack(0x000000eb93e00000,0x000000eb93f00000)]
  0x000002d2e1599150 JavaThread "Unconstrained build operations Thread 8" [_thread_blocked, id=30236, stack(0x000000eb93f00000,0x000000eb94000000)]
  0x000002d2e15963c0 JavaThread "Unconstrained build operations Thread 9" [_thread_blocked, id=46264, stack(0x000000eb94000000,0x000000eb94100000)]
  0x000002d2e159a080 JavaThread "Unconstrained build operations Thread 10" [_thread_blocked, id=38500, stack(0x000000eb94100000,0x000000eb94200000)]
  0x000002d2e15968d0 JavaThread "Unconstrained build operations Thread 11" [_thread_blocked, id=26300, stack(0x000000eb94200000,0x000000eb94300000)]
  0x000002d2e159aaa0 JavaThread "Unconstrained build operations Thread 12" [_thread_blocked, id=43660, stack(0x000000eb94300000,0x000000eb94400000)]
  0x000002d2e159b9d0 JavaThread "Unconstrained build operations Thread 13" [_thread_blocked, id=38292, stack(0x000000eb94400000,0x000000eb94500000)]
  0x000002d2e159c900 JavaThread "Unconstrained build operations Thread 14" [_thread_blocked, id=38332, stack(0x000000eb94500000,0x000000eb94600000)]
  0x000002d2e159b4c0 JavaThread "Unconstrained build operations Thread 15" [_thread_blocked, id=29548, stack(0x000000eb94600000,0x000000eb94700000)]
  0x000002d2e159c3f0 JavaThread "Unconstrained build operations Thread 16" [_thread_blocked, id=43656, stack(0x000000eb94700000,0x000000eb94800000)]
  0x000002d2e159bee0 JavaThread "Unconstrained build operations Thread 17" [_thread_blocked, id=37512, stack(0x000000eb94800000,0x000000eb94900000)]
  0x000002d2e159afb0 JavaThread "Unconstrained build operations Thread 18" [_thread_blocked, id=39976, stack(0x000000eb94900000,0x000000eb94a00000)]
  0x000002d2e159ce10 JavaThread "Unconstrained build operations Thread 19" [_thread_blocked, id=40412, stack(0x000000eb94a00000,0x000000eb94b00000)]
  0x000002d2e159d320 JavaThread "Unconstrained build operations Thread 20" [_thread_blocked, id=42280, stack(0x000000eb94b00000,0x000000eb94c00000)]
  0x000002d2e159d830 JavaThread "Unconstrained build operations Thread 21" [_thread_blocked, id=46040, stack(0x000000eb94c00000,0x000000eb94d00000)]
  0x000002d2e159dd40 JavaThread "Unconstrained build operations Thread 22" [_thread_blocked, id=10828, stack(0x000000eb94d00000,0x000000eb94e00000)]
  0x000002d2e159a590 JavaThread "Unconstrained build operations Thread 23" [_thread_blocked, id=46352, stack(0x000000eb94e00000,0x000000eb94f00000)]
  0x000002d2df8db640 JavaThread "Unconstrained build operations Thread 24" [_thread_blocked, id=3216, stack(0x000000eb94f00000,0x000000eb95000000)]
  0x000002d2df8dc060 JavaThread "Unconstrained build operations Thread 25" [_thread_blocked, id=20096, stack(0x000000eb95000000,0x000000eb95100000)]
  0x000002d2df8de3d0 JavaThread "Unconstrained build operations Thread 26" [_thread_blocked, id=44420, stack(0x000000eb95100000,0x000000eb95200000)]
  0x000002d2df8df300 JavaThread "Unconstrained build operations Thread 27" [_thread_blocked, id=28476, stack(0x000000eb95200000,0x000000eb95300000)]
  0x000002d2df8dbb50 JavaThread "Unconstrained build operations Thread 28" [_thread_blocked, id=31016, stack(0x000000eb95300000,0x000000eb95400000)]
  0x000002d2df8dcf90 JavaThread "Unconstrained build operations Thread 29" [_thread_blocked, id=5796, stack(0x000000eb95400000,0x000000eb95500000)]
  0x000002d2df8de8e0 JavaThread "Unconstrained build operations Thread 30" [_thread_blocked, id=45980, stack(0x000000eb95500000,0x000000eb95600000)]
  0x000002d2df8dedf0 JavaThread "Unconstrained build operations Thread 31" [_thread_blocked, id=42532, stack(0x000000eb95600000,0x000000eb95700000)]
  0x000002d2df8dfd20 JavaThread "Unconstrained build operations Thread 32" [_thread_blocked, id=34540, stack(0x000000eb95700000,0x000000eb95800000)]
  0x000002d2df8dc570 JavaThread "Unconstrained build operations Thread 33" [_thread_blocked, id=37164, stack(0x000000eb95800000,0x000000eb95900000)]
  0x000002d2df8e0230 JavaThread "Unconstrained build operations Thread 34" [_thread_blocked, id=37956, stack(0x000000eb95900000,0x000000eb95a00000)]
  0x000002d2df8dca80 JavaThread "Unconstrained build operations Thread 35" [_thread_blocked, id=22452, stack(0x000000eb95a00000,0x000000eb95b00000)]
  0x000002d2df8dd9b0 JavaThread "Unconstrained build operations Thread 36" [_thread_blocked, id=47024, stack(0x000000eb95b00000,0x000000eb95c00000)]
  0x000002d2df8e0740 JavaThread "Unconstrained build operations Thread 37" [_thread_blocked, id=28764, stack(0x000000eb95c00000,0x000000eb95d00000)]
  0x000002d2df8e0c50 JavaThread "Unconstrained build operations Thread 38" [_thread_blocked, id=40916, stack(0x000000eb95d00000,0x000000eb95e00000)]
  0x000002d2df8dd4a0 JavaThread "Unconstrained build operations Thread 39" [_thread_blocked, id=668, stack(0x000000eb95e00000,0x000000eb95f00000)]
  0x000002d2df8e1160 JavaThread "Unconstrained build operations Thread 40" [_thread_blocked, id=37500, stack(0x000000eb95f00000,0x000000eb96000000)]
  0x000002d2df8ddec0 JavaThread "Unconstrained build operations Thread 41" [_thread_blocked, id=45992, stack(0x000000eb96000000,0x000000eb96100000)]
  0x000002d2df8e1670 JavaThread "Unconstrained build operations Thread 42" [_thread_blocked, id=9988, stack(0x000000eb96100000,0x000000eb96200000)]
  0x000002d2df8e2090 JavaThread "Unconstrained build operations Thread 43" [_thread_blocked, id=42328, stack(0x000000eb96200000,0x000000eb96300000)]
  0x000002d2df8e1b80 JavaThread "Unconstrained build operations Thread 44" [_thread_blocked, id=28488, stack(0x000000eb96300000,0x000000eb96400000)]
  0x000002d2df8e25a0 JavaThread "Unconstrained build operations Thread 45" [_thread_blocked, id=39480, stack(0x000000eb96400000,0x000000eb96500000)]
  0x000002d2df8e2ab0 JavaThread "Unconstrained build operations Thread 46" [_thread_blocked, id=17848, stack(0x000000eb96500000,0x000000eb96600000)]
  0x000002d2df8e2fc0 JavaThread "Unconstrained build operations Thread 47" [_thread_blocked, id=47096, stack(0x000000eb96600000,0x000000eb96700000)]
  0x000002d2e17697d0 JavaThread "Unconstrained build operations Thread 48" [_thread_blocked, id=38828, stack(0x000000eb96700000,0x000000eb96800000)]
  0x000002d2e176bb40 JavaThread "Unconstrained build operations Thread 49" [_thread_blocked, id=17100, stack(0x000000eb96800000,0x000000eb96900000)]
  0x000002d2e176a700 JavaThread "Unconstrained build operations Thread 50" [_thread_blocked, id=46004, stack(0x000000eb96900000,0x000000eb96a00000)]
  0x000002d2e176b120 JavaThread "Unconstrained build operations Thread 51" [_thread_blocked, id=44444, stack(0x000000eb96a00000,0x000000eb96b00000)]
  0x000002d2e176ac10 JavaThread "Unconstrained build operations Thread 52" [_thread_blocked, id=44680, stack(0x000000eb96b00000,0x000000eb96c00000)]
  0x000002d2e1769ce0 JavaThread "Unconstrained build operations Thread 53" [_thread_blocked, id=46880, stack(0x000000eb96c00000,0x000000eb96d00000)]
  0x000002d2e176b630 JavaThread "Unconstrained build operations Thread 54" [_thread_blocked, id=33448, stack(0x000000eb96d00000,0x000000eb96e00000)]
  0x000002d2e176c050 JavaThread "Unconstrained build operations Thread 55" [_thread_blocked, id=43524, stack(0x000000eb96e00000,0x000000eb96f00000)]
  0x000002d2e17688a0 JavaThread "Unconstrained build operations Thread 56" [_thread_blocked, id=44620, stack(0x000000eb96f00000,0x000000eb97000000)]
  0x000002d2e176a1f0 JavaThread "Unconstrained build operations Thread 57" [_thread_blocked, id=30052, stack(0x000000eb97000000,0x000000eb97100000)]
  0x000002d2e176c560 JavaThread "Unconstrained build operations Thread 58" [_thread_blocked, id=43496, stack(0x000000eb97100000,0x000000eb97200000)]
  0x000002d2e1768db0 JavaThread "Unconstrained build operations Thread 59" [_thread_blocked, id=42316, stack(0x000000eb97200000,0x000000eb97300000)]
  0x000002d2e176ca70 JavaThread "Unconstrained build operations Thread 60" [_thread_blocked, id=45732, stack(0x000000eb97300000,0x000000eb97400000)]
  0x000002d2e17692c0 JavaThread "Unconstrained build operations Thread 61" [_thread_blocked, id=36408, stack(0x000000eb97400000,0x000000eb97500000)]
  0x000002d2e176fd10 JavaThread "Unconstrained build operations Thread 62" [_thread_blocked, id=44128, stack(0x000000eb97500000,0x000000eb97600000)]
  0x000002d2e176e3c0 JavaThread "Unconstrained build operations Thread 63" [_thread_blocked, id=27404, stack(0x000000eb97600000,0x000000eb97700000)]
  0x000002d2e176e8d0 JavaThread "Unconstrained build operations Thread 64" [_thread_blocked, id=43124, stack(0x000000eb97700000,0x000000eb97800000)]
  0x000002d2e176ede0 JavaThread "Unconstrained build operations Thread 65" [_thread_blocked, id=636, stack(0x000000eb97800000,0x000000eb97900000)]
  0x000002d2e176f2f0 JavaThread "Unconstrained build operations Thread 66" [_thread_blocked, id=37596, stack(0x000000eb97900000,0x000000eb97a00000)]
  0x000002d2e176f800 JavaThread "Unconstrained build operations Thread 67" [_thread_blocked, id=19788, stack(0x000000eb97a00000,0x000000eb97b00000)]
  0x000002d2e1770220 JavaThread "Unconstrained build operations Thread 68" [_thread_blocked, id=16604, stack(0x000000eb97b00000,0x000000eb97c00000)]
  0x000002d2e176deb0 JavaThread "Unconstrained build operations Thread 69" [_thread_blocked, id=13956, stack(0x000000eb97c00000,0x000000eb97d00000)]
  0x000002d2e176d9a0 JavaThread "Unconstrained build operations Thread 70" [_thread_blocked, id=4968, stack(0x000000eb97d00000,0x000000eb97e00000)]
  0x000002d2e176cf80 JavaThread "Unconstrained build operations Thread 71" [_thread_blocked, id=42208, stack(0x000000eb97e00000,0x000000eb97f00000)]
  0x000002d2e176d490 JavaThread "Unconstrained build operations Thread 72" [_thread_blocked, id=43552, stack(0x000000eb97f00000,0x000000eb98000000)]
  0x000002d2df169ec0 JavaThread "Unconstrained build operations Thread 73" [_thread_blocked, id=21288, stack(0x000000eb98000000,0x000000eb98100000)]
  0x000002d2df16a3d0 JavaThread "Unconstrained build operations Thread 74" [_thread_blocked, id=37636, stack(0x000000eb98100000,0x000000eb98200000)]
  0x000002d2df1694a0 JavaThread "Unconstrained build operations Thread 75" [_thread_blocked, id=36616, stack(0x000000eb98200000,0x000000eb98300000)]
  0x000002d2df168a80 JavaThread "Unconstrained build operations Thread 76" [_thread_blocked, id=34988, stack(0x000000eb98300000,0x000000eb98400000)]
  0x000002d2df1699b0 JavaThread "Unconstrained build operations Thread 77" [_thread_blocked, id=29528, stack(0x000000eb98400000,0x000000eb98500000)]
  0x000002d2df16adf0 JavaThread "Unconstrained build operations Thread 78" [_thread_blocked, id=37892, stack(0x000000eb98500000,0x000000eb98600000)]
  0x000002d2df168f90 JavaThread "Unconstrained build operations Thread 79" [_thread_blocked, id=40672, stack(0x000000eb98600000,0x000000eb98700000)]
  0x000002d2df16b810 JavaThread "Unconstrained build operations Thread 80" [_thread_blocked, id=18908, stack(0x000000eb98700000,0x000000eb98800000)]
  0x000002d2df16b300 JavaThread "Unconstrained build operations Thread 81" [_thread_blocked, id=44704, stack(0x000000eb98800000,0x000000eb98900000)]
  0x000002d2df16a8e0 JavaThread "Memory manager" [_thread_blocked, id=38948, stack(0x000000eb98a00000,0x000000eb98b00000)]
  0x000002d2df168060 JavaThread "build event listener" [_thread_blocked, id=45568, stack(0x000000eb90700000,0x000000eb90800000)]
=>0x000002d2e1bbdae0 JavaThread "C2 CompilerThread1" daemon [_thread_in_native, id=36928, stack(0x000000eb8fc00000,0x000000eb8fd00000)]
  0x000002d2df16f4d0 JavaThread "included builds" [_thread_blocked, id=43680, stack(0x000000eb98900000,0x000000eb98a00000)]
  0x000002d2df16db80 JavaThread "Execution worker" [_thread_blocked, id=42676, stack(0x000000eb98b00000,0x000000eb98c00000)]
  0x000002d2df16c230 JavaThread "Execution worker Thread 2" [_thread_blocked, id=42936, stack(0x000000eb98c00000,0x000000eb98d00000)]
  0x000002d2df16d670 JavaThread "Execution worker Thread 3" [_thread_blocked, id=42456, stack(0x000000eb98d00000,0x000000eb98e00000)]
  0x000002d2df16e090 JavaThread "Execution worker Thread 4" [_thread_blocked, id=8160, stack(0x000000eb98e00000,0x000000eb98f00000)]
  0x000002d2df16d160 JavaThread "Execution worker Thread 5" [_thread_blocked, id=42528, stack(0x000000eb98f00000,0x000000eb99000000)]
  0x000002d2df16efc0 JavaThread "Execution worker Thread 6" [_thread_blocked, id=22320, stack(0x000000eb99000000,0x000000eb99100000)]
  0x000002d2df16cc50 JavaThread "Execution worker Thread 7" [_thread_blocked, id=15672, stack(0x000000eb99100000,0x000000eb99200000)]
  0x000002d2df16e5a0 JavaThread "Execution worker Thread 8" [_thread_blocked, id=21208, stack(0x000000eb99200000,0x000000eb99300000)]
  0x000002d2df16c740 JavaThread "Execution worker Thread 9" [_thread_blocked, id=37432, stack(0x000000eb99300000,0x000000eb99400000)]
  0x000002d2df16eab0 JavaThread "Execution worker Thread 10" [_thread_blocked, id=40188, stack(0x000000eb99400000,0x000000eb99500000)]
  0x000002d2e5630e70 JavaThread "Execution worker Thread 11" [_thread_blocked, id=41220, stack(0x000000eb99500000,0x000000eb99600000)]
  0x000002d2e562eb00 JavaThread "Execution worker Thread 12" [_thread_blocked, id=43804, stack(0x000000eb99600000,0x000000eb99700000)]
  0x000002d2e562ff40 JavaThread "Execution worker Thread 13" [_thread_blocked, id=42688, stack(0x000000eb99700000,0x000000eb99800000)]
  0x000002d2e5631380 JavaThread "Execution worker Thread 14" [_thread_blocked, id=19912, stack(0x000000eb99800000,0x000000eb99900000)]
  0x000002d2e562f520 JavaThread "Execution worker Thread 15" [_thread_blocked, id=42432, stack(0x000000eb99900000,0x000000eb99a00000)]
  0x000002d2e562f010 JavaThread "Execution worker Thread 16" [_thread_blocked, id=38212, stack(0x000000eb99a00000,0x000000eb99b00000)]
  0x000002d2e5630450 JavaThread "Execution worker Thread 17" [_thread_blocked, id=36128, stack(0x000000eb99b00000,0x000000eb99c00000)]
  0x000002d2e5631890 JavaThread "Execution worker Thread 18" [_thread_blocked, id=42256, stack(0x000000eb99c00000,0x000000eb99d00000)]
  0x000002d2e562e0e0 JavaThread "Execution worker Thread 19" [_thread_blocked, id=34652, stack(0x000000eb99d00000,0x000000eb99e00000)]
  0x000002d2e5630960 JavaThread "Execution worker Thread 20" [_thread_blocked, id=14564, stack(0x000000eb99e00000,0x000000eb99f00000)]
  0x000002d2e5631da0 JavaThread "Execution worker Thread 21" [_thread_blocked, id=44064, stack(0x000000eb99f00000,0x000000eb9a000000)]
  0x000002d2e562e5f0 JavaThread "Execution worker Thread 22" [_thread_blocked, id=44476, stack(0x000000eb9a000000,0x000000eb9a100000)]
  0x000002d2e56322b0 JavaThread "Execution worker Thread 23" [_thread_blocked, id=28772, stack(0x000000eb9a100000,0x000000eb9a200000)]
  0x000002d2e56327c0 JavaThread "Execution worker Thread 24" [_thread_blocked, id=46840, stack(0x000000eb9a200000,0x000000eb9a300000)]
  0x000002d2e5632cd0 JavaThread "Execution worker Thread 25" [_thread_blocked, id=43844, stack(0x000000eb9a300000,0x000000eb9a400000)]
  0x000002d2e56331e0 JavaThread "Execution worker Thread 26" [_thread_blocked, id=46912, stack(0x000000eb9a400000,0x000000eb9a500000)]
  0x000002d2e562fa30 JavaThread "Execution worker Thread 27" [_thread_blocked, id=28208, stack(0x000000eb9a500000,0x000000eb9a600000)]
  0x000002d2e5634b30 JavaThread "Execution worker Thread 28" [_thread_blocked, id=44248, stack(0x000000eb9a600000,0x000000eb9a700000)]
  0x000002d2e5635550 JavaThread "Execution worker Thread 29" [_thread_blocked, id=43412, stack(0x000000eb9a700000,0x000000eb9a800000)]
  0x000002d2e5633c00 JavaThread "Execution worker Thread 30" [_thread_blocked, id=3760, stack(0x000000eb9a800000,0x000000eb9a900000)]
  0x000002d2e5635040 JavaThread "Execution worker Thread 31" [_thread_blocked, id=43876, stack(0x000000eb9a900000,0x000000eb9aa00000)]
  0x000002d2e5635a60 JavaThread "Cache worker for execution history cache (C:\Users\DsDogs\Desktop\developper\flutter_flutter\packages\flutter_tools\gradle\.gradle\8.14\executionHistory)" [_thread_blocked, id=31628, stack(0x000000eb9aa00000,0x000000eb9ab00000)]
  0x000002d2dfaff450 JavaThread "Unconstrained build operations Thread 82" [_thread_blocked, id=6532, stack(0x000000eb9ab00000,0x000000eb9ac00000)]
  0x000002d2dfb026f0 JavaThread "Unconstrained build operations Thread 83" [_thread_blocked, id=43448, stack(0x000000eb9ac00000,0x000000eb9ad00000)]
  0x000002d2dfb00890 JavaThread "Unconstrained build operations Thread 84" [_thread_blocked, id=42868, stack(0x000000eb9ad00000,0x000000eb9ae00000)]
  0x000002d2dfaffe70 JavaThread "Unconstrained build operations Thread 85" [_thread_blocked, id=46316, stack(0x000000eb9ae00000,0x000000eb9af00000)]
  0x000002d2dfb012b0 JavaThread "Unconstrained build operations Thread 86" [_thread_blocked, id=7128, stack(0x000000eb9af00000,0x000000eb9b000000)]
  0x000002d2dfb021e0 JavaThread "Unconstrained build operations Thread 87" [_thread_blocked, id=37048, stack(0x000000eb9b000000,0x000000eb9b100000)]
  0x000002d2dfb02c00 JavaThread "Unconstrained build operations Thread 88" [_thread_blocked, id=19096, stack(0x000000eb9b100000,0x000000eb9b200000)]
  0x000002d2dfaff960 JavaThread "Unconstrained build operations Thread 89" [_thread_blocked, id=20580, stack(0x000000eb9b200000,0x000000eb9b300000)]
  0x000002d2dfb00380 JavaThread "Unconstrained build operations Thread 90" [_thread_blocked, id=4116, stack(0x000000eb9b300000,0x000000eb9b400000)]
  0x000002d2dfb00da0 JavaThread "Unconstrained build operations Thread 91" [_thread_blocked, id=24796, stack(0x000000eb9b400000,0x000000eb9b500000)]
  0x000002d2dfb017c0 JavaThread "Unconstrained build operations Thread 92" [_thread_blocked, id=44656, stack(0x000000eb9b500000,0x000000eb9b600000)]
  0x000002d2dfb01cd0 JavaThread "Unconstrained build operations Thread 93" [_thread_blocked, id=43392, stack(0x000000eb9b600000,0x000000eb9b700000)]
  0x000002d2e5634110 JavaThread "Unconstrained build operations Thread 94" [_thread_blocked, id=36196, stack(0x000000eb9b700000,0x000000eb9b800000)]
  0x000002d2e0a77f90 JavaThread "Unconstrained build operations Thread 95" [_thread_blocked, id=46372, stack(0x000000eb9b800000,0x000000eb9b900000)]
  0x000002d2e0a76130 JavaThread "Unconstrained build operations Thread 96" [_thread_blocked, id=40736, stack(0x000000eb9b900000,0x000000eb9ba00000)]
  0x000002d2e0a76640 JavaThread "Unconstrained build operations Thread 97" [_thread_blocked, id=18780, stack(0x000000eb9ba00000,0x000000eb9bb00000)]
  0x000002d2e0a77060 JavaThread "Unconstrained build operations Thread 98" [_thread_blocked, id=33516, stack(0x000000eb9bb00000,0x000000eb9bc00000)]
  0x000002d2e0a77570 JavaThread "Unconstrained build operations Thread 99" [_thread_blocked, id=45972, stack(0x000000eb9bc00000,0x000000eb9bd00000)]
  0x000002d2e0a74cf0 JavaThread "Unconstrained build operations Thread 100" [_thread_blocked, id=12892, stack(0x000000eb9bd00000,0x000000eb9be00000)]
  0x000002d2e0a77a80 JavaThread "Unconstrained build operations Thread 101" [_thread_blocked, id=29968, stack(0x000000eb9be00000,0x000000eb9bf00000)]
  0x000002d2e0a76b50 JavaThread "Unconstrained build operations Thread 102" [_thread_blocked, id=45648, stack(0x000000eb9bf00000,0x000000eb9c000000)]
  0x000002d2e0a75c20 JavaThread "Unconstrained build operations Thread 103" [_thread_blocked, id=5824, stack(0x000000eb9c000000,0x000000eb9c100000)]
  0x000002d2e0a784a0 JavaThread "Unconstrained build operations Thread 104" [_thread_blocked, id=35648, stack(0x000000eb9c100000,0x000000eb9c200000)]
  0x000002d2e0a75200 JavaThread "Unconstrained build operations Thread 105" [_thread_blocked, id=8800, stack(0x000000eb9c200000,0x000000eb9c300000)]
  0x000002d2e0a789b0 JavaThread "Unconstrained build operations Thread 106" [_thread_blocked, id=6092, stack(0x000000eb9c300000,0x000000eb9c400000)]
  0x000002d2e0a78ec0 JavaThread "Unconstrained build operations Thread 107" [_thread_blocked, id=38984, stack(0x000000eb9c400000,0x000000eb9c500000)]
  0x000002d2e0a75710 JavaThread "Unconstrained build operations Thread 108" [_thread_blocked, id=19800, stack(0x000000eb9c500000,0x000000eb9c600000)]
  0x000002d2e0a7b230 JavaThread "Unconstrained build operations Thread 109" [_thread_blocked, id=45512, stack(0x000000eb9c600000,0x000000eb9c700000)]
  0x000002d2e0a7c160 JavaThread "Unconstrained build operations Thread 110" [_thread_blocked, id=20308, stack(0x000000eb9c700000,0x000000eb9c800000)]
  0x000002d2e0a7c670 JavaThread "Unconstrained build operations Thread 111" [_thread_blocked, id=43020, stack(0x000000eb9c800000,0x000000eb9c900000)]
  0x000002d2e0a793d0 JavaThread "Unconstrained build operations Thread 112" [_thread_blocked, id=46836, stack(0x000000eb9c900000,0x000000eb9ca00000)]
  0x000002d2e0a798e0 JavaThread "Unconstrained build operations Thread 113" [_thread_blocked, id=44576, stack(0x000000eb9ca00000,0x000000eb9cb00000)]
  0x000002d2e0a79df0 JavaThread "Unconstrained build operations Thread 114" [_thread_blocked, id=29728, stack(0x000000eb9cb00000,0x000000eb9cc00000)]
  0x000002d2e0a7a300 JavaThread "Unconstrained build operations Thread 115" [_thread_blocked, id=7120, stack(0x000000eb9cc00000,0x000000eb9cd00000)]
  0x000002d2e0a7a810 JavaThread "Unconstrained build operations Thread 116" [_thread_blocked, id=39168, stack(0x000000eb9cd00000,0x000000eb9ce00000)]
  0x000002d2e0a7ad20 JavaThread "Unconstrained build operations Thread 117" [_thread_blocked, id=46872, stack(0x000000eb9ce00000,0x000000eb9cf00000)]
  0x000002d2e0a7b740 JavaThread "Unconstrained build operations Thread 118" [_thread_blocked, id=46212, stack(0x000000eb9cf00000,0x000000eb9d000000)]
  0x000002d2e0a7bc50 JavaThread "Unconstrained build operations Thread 119" [_thread_blocked, id=14612, stack(0x000000eb9d000000,0x000000eb9d100000)]
  0x000002d2e52b3f20 JavaThread "Unconstrained build operations Thread 120" [_thread_blocked, id=27292, stack(0x000000eb9d100000,0x000000eb9d200000)]
  0x000002d2e52b4430 JavaThread "Unconstrained build operations Thread 121" [_thread_blocked, id=35368, stack(0x000000eb9d200000,0x000000eb9d300000)]
  0x000002d2e52b2ff0 JavaThread "Unconstrained build operations Thread 122" [_thread_blocked, id=10416, stack(0x000000eb9d300000,0x000000eb9d400000)]
  0x000002d2e52b3a10 JavaThread "Unconstrained build operations Thread 123" [_thread_blocked, id=22580, stack(0x000000eb9d400000,0x000000eb9d500000)]
  0x000002d2e52b5360 JavaThread "Unconstrained build operations Thread 124" [_thread_blocked, id=43588, stack(0x000000eb9d500000,0x000000eb9d600000)]
  0x000002d2e52b4940 JavaThread "Unconstrained build operations Thread 125" [_thread_blocked, id=42864, stack(0x000000eb9d600000,0x000000eb9d700000)]
  0x000002d2e52b4e50 JavaThread "Unconstrained build operations Thread 126" [_thread_blocked, id=46092, stack(0x000000eb9d700000,0x000000eb9d800000)]
  0x000002d2e52b3500 JavaThread "Unconstrained build operations Thread 127" [_thread_blocked, id=46656, stack(0x000000eb9d800000,0x000000eb9d900000)]
  0x000002d2e52b25d0 JavaThread "Unconstrained build operations Thread 128" [_thread_blocked, id=42144, stack(0x000000eb9d900000,0x000000eb9da00000)]
  0x000002d2e52b5870 JavaThread "Unconstrained build operations Thread 129" [_thread_blocked, id=46088, stack(0x000000eb9da00000,0x000000eb9db00000)]
  0x000002d2e52b20c0 JavaThread "Unconstrained build operations Thread 130" [_thread_blocked, id=37088, stack(0x000000eb9db00000,0x000000eb9dc00000)]
  0x000002d2e52b5d80 JavaThread "Unconstrained build operations Thread 131" [_thread_blocked, id=19856, stack(0x000000eb9dc00000,0x000000eb9dd00000)]
  0x000002d2e52b6290 JavaThread "Unconstrained build operations Thread 132" [_thread_blocked, id=46492, stack(0x000000eb9dd00000,0x000000eb9de00000)]
  0x000002d2e52b2ae0 JavaThread "Unconstrained build operations Thread 133" [_thread_blocked, id=5712, stack(0x000000eb9de00000,0x000000eb9df00000)]
  0x000002d2e52b9020 JavaThread "Unconstrained build operations Thread 134" [_thread_blocked, id=36804, stack(0x000000eb9df00000,0x000000eb9e000000)]
  0x000002d2e52b67a0 JavaThread "Unconstrained build operations Thread 135" [_thread_blocked, id=30780, stack(0x000000eb9e000000,0x000000eb9e100000)]
  0x000002d2e52b76d0 JavaThread "Unconstrained build operations Thread 136" [_thread_blocked, id=12660, stack(0x000000eb9e100000,0x000000eb9e200000)]
  0x000002d2e52b7be0 JavaThread "Unconstrained build operations Thread 137" [_thread_blocked, id=26872, stack(0x000000eb9e200000,0x000000eb9e300000)]
  0x000002d2e52b80f0 JavaThread "Unconstrained build operations Thread 138" [_thread_blocked, id=40576, stack(0x000000eb9e300000,0x000000eb9e400000)]
  0x000002d2e52b6cb0 JavaThread "Unconstrained build operations Thread 139" [_thread_blocked, id=45720, stack(0x000000eb9e400000,0x000000eb9e500000)]
  0x000002d2e52b8b10 JavaThread "Unconstrained build operations Thread 140" [_thread_blocked, id=46580, stack(0x000000eb9e500000,0x000000eb9e600000)]
  0x000002d2e52b71c0 JavaThread "Unconstrained build operations Thread 141" [_thread_blocked, id=38020, stack(0x000000eb9e800000,0x000000eb9e900000)]
  0x000002d2e52b8600 JavaThread "Unconstrained build operations Thread 142" [_thread_blocked, id=44012, stack(0x000000eb9e900000,0x000000eb9ea00000)]
  0x000002d2e52b9530 JavaThread "Unconstrained build operations Thread 143" [_thread_blocked, id=19744, stack(0x000000eb9ea00000,0x000000eb9eb00000)]
  0x000002d2e52b9a40 JavaThread "Unconstrained build operations Thread 144" [_thread_blocked, id=38876, stack(0x000000eb9eb00000,0x000000eb9ec00000)]
  0x000002d2e2076f90 JavaThread "Unconstrained build operations Thread 145" [_thread_blocked, id=30112, stack(0x000000eb9ec00000,0x000000eb9ed00000)]
  0x000002d2e2075130 JavaThread "Unconstrained build operations Thread 146" [_thread_blocked, id=42876, stack(0x000000eb9ed00000,0x000000eb9ee00000)]
  0x000002d2e2075b50 JavaThread "Unconstrained build operations Thread 147" [_thread_blocked, id=42948, stack(0x000000eb9ee00000,0x000000eb9ef00000)]
  0x000002d2e2076570 JavaThread "Unconstrained build operations Thread 148" [_thread_blocked, id=18368, stack(0x000000eb9ef00000,0x000000eb9f000000)]
  0x000002d2e2075640 JavaThread "Unconstrained build operations Thread 149" [_thread_blocked, id=39440, stack(0x000000eb9f000000,0x000000eb9f100000)]
  0x000002d2e2076060 JavaThread "Unconstrained build operations Thread 150" [_thread_blocked, id=19956, stack(0x000000eb9f100000,0x000000eb9f200000)]
  0x000002d2e20774a0 JavaThread "Unconstrained build operations Thread 151" [_thread_blocked, id=43840, stack(0x000000eb9f200000,0x000000eb9f300000)]
  0x000002d2e2076a80 JavaThread "Unconstrained build operations Thread 152" [_thread_blocked, id=15308, stack(0x000000eb9f300000,0x000000eb9f400000)]
  0x000002d2e2073cf0 JavaThread "Unconstrained build operations Thread 153" [_thread_blocked, id=43468, stack(0x000000eb9f400000,0x000000eb9f500000)]
  0x000002d2e2074c20 JavaThread "Unconstrained build operations Thread 154" [_thread_blocked, id=20008, stack(0x000000eb9f500000,0x000000eb9f600000)]
  0x000002d2e2074200 JavaThread "Unconstrained build operations Thread 155" [_thread_blocked, id=45556, stack(0x000000eb9f600000,0x000000eb9f700000)]
  0x000002d2e20779b0 JavaThread "Unconstrained build operations Thread 156" [_thread_blocked, id=33280, stack(0x000000eb9f700000,0x000000eb9f800000)]
  0x000002d2e2077ec0 JavaThread "Unconstrained build operations Thread 157" [_thread_blocked, id=38644, stack(0x000000eb9f800000,0x000000eb9f900000)]
  0x000002d2e2074710 JavaThread "Unconstrained build operations Thread 158" [_thread_blocked, id=42776, stack(0x000000eb9f900000,0x000000eb9fa00000)]
  0x000002d2e207a740 JavaThread "Unconstrained build operations Thread 159" [_thread_blocked, id=38996, stack(0x000000eb9fa00000,0x000000eb9fb00000)]
  0x000002d2e20783d0 JavaThread "Unconstrained build operations Thread 160" [_thread_blocked, id=45996, stack(0x000000eb9fb00000,0x000000eb9fc00000)]
  0x000002d2e207b160 JavaThread "Unconstrained build operations Thread 161" [_thread_blocked, id=7980, stack(0x000000eb9fc00000,0x000000eb9fd00000)]
  0x000002d2e2079810 JavaThread "Unconstrained build operations Thread 162" [_thread_blocked, id=35880, stack(0x000000eb9fd00000,0x000000eb9fe00000)]
  0x000002d2e2079300 JavaThread "Unconstrained build operations Thread 163" [_thread_blocked, id=42404, stack(0x000000eb9fe00000,0x000000eb9ff00000)]
  0x000002d2e2079d20 JavaThread "Unconstrained build operations Thread 164" [_thread_blocked, id=42464, stack(0x000000eb9ff00000,0x000000eba0000000)]
  0x000002d2e20788e0 JavaThread "Unconstrained build operations Thread 165" [_thread_blocked, id=33440, stack(0x000000eba0000000,0x000000eba0100000)]
  0x000002d2e207ac50 JavaThread "Unconstrained build operations Thread 166" [_thread_blocked, id=39996, stack(0x000000eba0100000,0x000000eba0200000)]
  0x000002d2e2078df0 JavaThread "Unconstrained build operations Thread 167" [_thread_blocked, id=42416, stack(0x000000eba0200000,0x000000eba0300000)]
  0x000002d2e207a230 JavaThread "Unconstrained build operations Thread 168" [_thread_blocked, id=39668, stack(0x000000eba0300000,0x000000eba0400000)]
  0x000002d2e207b670 JavaThread "Unconstrained build operations Thread 169" [_thread_blocked, id=42396, stack(0x000000eba0400000,0x000000eba0500000)]
  0x000002d299444300 JavaThread "Unconstrained build operations Thread 170" [_thread_blocked, id=27944, stack(0x000000eba0500000,0x000000eba0600000)]
  0x000002d2e4414780 JavaThread "Unconstrained build operations Thread 171" [_thread_blocked, id=28016, stack(0x000000eba0600000,0x000000eba0700000)]
  0x000002d2e4413850 JavaThread "Unconstrained build operations Thread 172" [_thread_blocked, id=34348, stack(0x000000eba0700000,0x000000eba0800000)]
  0x000002d2e4413340 JavaThread "Unconstrained build operations Thread 173" [_thread_blocked, id=46904, stack(0x000000eba0800000,0x000000eba0900000)]
  0x000002d2e4413d60 JavaThread "Unconstrained build operations Thread 174" [_thread_blocked, id=30456, stack(0x000000eba0900000,0x000000eba0a00000)]
  0x000002d2e4414c90 JavaThread "Unconstrained build operations Thread 175" [_thread_blocked, id=29984, stack(0x000000eba0a00000,0x000000eba0b00000)]
  0x000002d2e4412410 JavaThread "Unconstrained build operations Thread 176" [_thread_blocked, id=27672, stack(0x000000eba0b00000,0x000000eba0c00000)]
  0x000002d2e4414270 JavaThread "Unconstrained build operations Thread 177" [_thread_blocked, id=42108, stack(0x000000eba0c00000,0x000000eba0d00000)]
  0x000002d2e44151a0 JavaThread "Unconstrained build operations Thread 178" [_thread_blocked, id=18824, stack(0x000000eba0d00000,0x000000eba0e00000)]
  0x000002d2e4412920 JavaThread "Unconstrained build operations Thread 179" [_thread_blocked, id=43636, stack(0x000000eba0e00000,0x000000eba0f00000)]
  0x000002d2e44156b0 JavaThread "Unconstrained build operations Thread 180" [_thread_blocked, id=37232, stack(0x000000eba0f00000,0x000000eba1000000)]
  0x000002d2e4415bc0 JavaThread "Unconstrained build operations Thread 181" [_thread_blocked, id=20920, stack(0x000000eba1000000,0x000000eba1100000)]
  0x000002d2e44160d0 JavaThread "Unconstrained build operations Thread 182" [_thread_blocked, id=44920, stack(0x000000eba1100000,0x000000eba1200000)]
  0x000002d2e44165e0 JavaThread "Unconstrained build operations Thread 183" [_thread_blocked, id=27408, stack(0x000000eba1200000,0x000000eba1300000)]
  0x000002d2e4412e30 JavaThread "Unconstrained build operations Thread 184" [_thread_blocked, id=37676, stack(0x000000eba1300000,0x000000eba1400000)]
  0x000002d2e4417000 JavaThread "Unconstrained build operations Thread 185" [_thread_blocked, id=43956, stack(0x000000eba1400000,0x000000eba1500000)]
  0x000002d2e4417510 JavaThread "Unconstrained build operations Thread 186" [_thread_blocked, id=19228, stack(0x000000eba1500000,0x000000eba1600000)]
  0x000002d2e4417a20 JavaThread "Unconstrained build operations Thread 187" [_thread_blocked, id=40748, stack(0x000000eba1600000,0x000000eba1700000)]
  0x000002d2e4416af0 JavaThread "Unconstrained build operations Thread 188" [_thread_blocked, id=43452, stack(0x000000eba1700000,0x000000eba1800000)]
  0x000002d2e4419370 JavaThread "Unconstrained build operations Thread 189" [_thread_blocked, id=8676, stack(0x000000eba1800000,0x000000eba1900000)]
  0x000002d2e441a2a0 JavaThread "Unconstrained build operations Thread 190" [_thread_blocked, id=30212, stack(0x000000eba1900000,0x000000eba1a00000)]
  0x000002d2e4417f30 JavaThread "Unconstrained build operations Thread 191" [_thread_blocked, id=46232, stack(0x000000eba1a00000,0x000000eba1b00000)]
  0x000002d2e4419880 JavaThread "Unconstrained build operations Thread 192" [_thread_blocked, id=29876, stack(0x000000eba1b00000,0x000000eba1c00000)]
  0x000002d2e4418950 JavaThread "Unconstrained build operations Thread 193" [_thread_blocked, id=46504, stack(0x000000eba1c00000,0x000000eba1d00000)]
  0x000002d2e4418e60 JavaThread "Unconstrained build operations Thread 194" [_thread_blocked, id=46172, stack(0x000000eba1d00000,0x000000eba1e00000)]
  0x000002d2e441a7b0 JavaThread "Unconstrained build operations Thread 195" [_thread_blocked, id=37764, stack(0x000000eba1e00000,0x000000eba1f00000)]
  0x000002d2e441acc0 JavaThread "Unconstrained build operations Thread 196" [_thread_blocked, id=23792, stack(0x000000eba1f00000,0x000000eba2000000)]
  0x000002d2e4418440 JavaThread "Unconstrained build operations Thread 197" [_thread_blocked, id=42820, stack(0x000000eba2000000,0x000000eba2100000)]
  0x000002d2e441b1d0 JavaThread "Unconstrained build operations Thread 198" [_thread_blocked, id=25016, stack(0x000000eba2100000,0x000000eba2200000)]
  0x000002d2e441cb20 JavaThread "Unconstrained build operations Thread 199" [_thread_blocked, id=7108, stack(0x000000eba2200000,0x000000eba2300000)]
  0x000002d2e441d030 JavaThread "Unconstrained build operations Thread 200" [_thread_blocked, id=18620, stack(0x000000eba2300000,0x000000eba2400000)]
  0x000002d2e441b6e0 JavaThread "Unconstrained build operations Thread 201" [_thread_blocked, id=46308, stack(0x000000eba2400000,0x000000eba2500000)]
  0x000002d2e441bbf0 JavaThread "Unconstrained build operations Thread 202" [_thread_blocked, id=44952, stack(0x000000eba2500000,0x000000eba2600000)]
  0x000002d2e441d540 JavaThread "Unconstrained build operations Thread 203" [_thread_blocked, id=18860, stack(0x000000eba2600000,0x000000eba2700000)]
  0x000002d2e441c100 JavaThread "Unconstrained build operations Thread 204" [_thread_blocked, id=39432, stack(0x000000eba2700000,0x000000eba2800000)]
  0x000002d2e4419d90 JavaThread "Unconstrained build operations Thread 205" [_thread_blocked, id=38112, stack(0x000000eba2800000,0x000000eba2900000)]
  0x000002d2e441e470 JavaThread "Unconstrained build operations Thread 206" [_thread_blocked, id=35580, stack(0x000000eba2900000,0x000000eba2a00000)]
  0x000002d2e441c610 JavaThread "Unconstrained build operations Thread 207" [_thread_blocked, id=45312, stack(0x000000eba2a00000,0x000000eba2b00000)]
  0x000002d2e441fdc0 JavaThread "Unconstrained build operations Thread 208" [_thread_blocked, id=17256, stack(0x000000eba2b00000,0x000000eba2c00000)]
  0x000002d2e441e980 JavaThread "Unconstrained build operations Thread 209" [_thread_blocked, id=37780, stack(0x000000eba2c00000,0x000000eba2d00000)]
  0x000002d2e441f8b0 JavaThread "Unconstrained build operations Thread 210" [_thread_blocked, id=46708, stack(0x000000eba2d00000,0x000000eba2e00000)]
  0x000002d2e44207e0 JavaThread "Unconstrained build operations Thread 211" [_thread_blocked, id=42872, stack(0x000000eba2e00000,0x000000eba2f00000)]
  0x000002d2e441da50 JavaThread "Unconstrained build operations Thread 212" [_thread_blocked, id=35120, stack(0x000000eba2f00000,0x000000eba3000000)]
  0x000002d2e44202d0 JavaThread "Unconstrained build operations Thread 213" [_thread_blocked, id=29780, stack(0x000000eba3000000,0x000000eba3100000)]
  0x000002d2e4420cf0 JavaThread "Unconstrained build operations Thread 214" [_thread_blocked, id=440, stack(0x000000eba3100000,0x000000eba3200000)]
  0x000002d2e4421710 JavaThread "Unconstrained build operations Thread 215" [_thread_blocked, id=41180, stack(0x000000eba3200000,0x000000eba3300000)]
  0x000002d2e4421200 JavaThread "Unconstrained build operations Thread 216" [_thread_blocked, id=46596, stack(0x000000eba3300000,0x000000eba3400000)]
  0x000002d2e441df60 JavaThread "Unconstrained build operations Thread 217" [_thread_blocked, id=12628, stack(0x000000eba3400000,0x000000eba3500000)]
  0x000002d2e441ee90 JavaThread "Unconstrained build operations Thread 218" [_thread_blocked, id=46124, stack(0x000000eba3600000,0x000000eba3700000)]
  0x000002d2e441f3a0 JavaThread "Unconstrained build operations Thread 219" [_thread_blocked, id=45144, stack(0x000000eba3700000,0x000000eba3800000)]
  0x000002d2dfd65da0 JavaThread "Unconstrained build operations Thread 220" [_thread_blocked, id=43432, stack(0x000000eba3800000,0x000000eba3900000)]
  0x000002d2dfd667c0 JavaThread "Unconstrained build operations Thread 221" [_thread_blocked, id=44916, stack(0x000000eba3900000,0x000000eba3a00000)]
  0x000002d2dfd662b0 JavaThread "Unconstrained build operations Thread 222" [_thread_blocked, id=23824, stack(0x000000eba3a00000,0x000000eba3b00000)]
  0x000002d2dfd66cd0 JavaThread "Unconstrained build operations Thread 223" [_thread_blocked, id=42300, stack(0x000000eba3b00000,0x000000eba3c00000)]
  0x000002d2dfd67c00 JavaThread "Unconstrained build operations Thread 224" [_thread_blocked, id=38116, stack(0x000000eba3c00000,0x000000eba3d00000)]
  0x000002d2dfd671e0 JavaThread "Unconstrained build operations Thread 225" [_thread_blocked, id=38684, stack(0x000000eba3d00000,0x000000eba3e00000)]
  0x000002d2dfd676f0 JavaThread "Unconstrained build operations Thread 226" [_thread_blocked, id=29784, stack(0x000000eba3e00000,0x000000eba3f00000)]
  0x000002d2dfd68110 JavaThread "Unconstrained build operations Thread 227" [_thread_blocked, id=36976, stack(0x000000eba3f00000,0x000000eba4000000)]
  0x000002d2dfd68620 JavaThread "Unconstrained build operations Thread 228" [_thread_blocked, id=30968, stack(0x000000eba4000000,0x000000eba4100000)]
  0x000002d2dfd65380 JavaThread "Unconstrained build operations Thread 229" [_thread_blocked, id=36644, stack(0x000000eba4100000,0x000000eba4200000)]
  0x000002d2dfd68b30 JavaThread "Unconstrained build operations Thread 230" [_thread_blocked, id=44284, stack(0x000000eba4200000,0x000000eba4300000)]
  0x000002d2dfd69040 JavaThread "Unconstrained build operations Thread 231" [_thread_blocked, id=43176, stack(0x000000eba4300000,0x000000eba4400000)]
  0x000002d2dfd65890 JavaThread "Unconstrained build operations Thread 232" [_thread_blocked, id=43712, stack(0x000000eba4400000,0x000000eba4500000)]
  0x000002d2dfd6b8c0 JavaThread "Unconstrained build operations Thread 233" [_thread_blocked, id=37896, stack(0x000000eba4500000,0x000000eba4600000)]
  0x000002d2dfd6bdd0 JavaThread "Unconstrained build operations Thread 234" [_thread_blocked, id=45380, stack(0x000000eba4600000,0x000000eba4700000)]
  0x000002d2dfd6a990 JavaThread "Unconstrained build operations Thread 235" [_thread_blocked, id=47076, stack(0x000000eba4700000,0x000000eba4800000)]
  0x000002d2dfd6c2e0 JavaThread "Unconstrained build operations Thread 236" [_thread_blocked, id=43036, stack(0x000000eba4800000,0x000000eba4900000)]
  0x000002d2dfd6c7f0 JavaThread "Unconstrained build operations Thread 237" [_thread_blocked, id=8004, stack(0x000000eba4900000,0x000000eba4a00000)]
  0x000002d2dfd6cd00 JavaThread "Unconstrained build operations Thread 238" [_thread_blocked, id=12184, stack(0x000000eba4a00000,0x000000eba4b00000)]
  0x000002d2dfd6aea0 JavaThread "Unconstrained build operations Thread 239" [_thread_blocked, id=25876, stack(0x000000eba4b00000,0x000000eba4c00000)]
  0x000002d2dfd69550 JavaThread "Unconstrained build operations Thread 240" [_thread_blocked, id=7240, stack(0x000000eba4c00000,0x000000eba4d00000)]
  0x000002d2dfd6a480 JavaThread "Unconstrained build operations Thread 241" [_thread_blocked, id=45096, stack(0x000000eba4d00000,0x000000eba4e00000)]
  0x000002d2dfd6d210 JavaThread "Unconstrained build operations Thread 242" [_thread_blocked, id=3404, stack(0x000000eba4e00000,0x000000eba4f00000)]
  0x000002d2dfd6b3b0 JavaThread "Unconstrained build operations Thread 243" [_thread_blocked, id=40620, stack(0x000000eba4f00000,0x000000eba5000000)]
  0x000002d2dfd69a60 JavaThread "Unconstrained build operations Thread 244" [_thread_blocked, id=19368, stack(0x000000eba5000000,0x000000eba5100000)]
  0x000002d2dfd6d720 JavaThread "Unconstrained build operations Thread 245" [_thread_blocked, id=43164, stack(0x000000eba5100000,0x000000eba5200000)]
  0x000002d2dfd69f70 JavaThread "Unconstrained build operations Thread 246" [_thread_blocked, id=37944, stack(0x000000eba5200000,0x000000eba5300000)]
  0x000002d2dfd6eb60 JavaThread "Unconstrained build operations Thread 247" [_thread_blocked, id=36888, stack(0x000000eba5300000,0x000000eba5400000)]
  0x000002d2dfd6e140 JavaThread "Unconstrained build operations Thread 248" [_thread_blocked, id=5356, stack(0x000000eba5400000,0x000000eba5500000)]
  0x000002d2dfd6e650 JavaThread "jar transforms Thread 2" [_thread_blocked, id=42980, stack(0x000000eb93000000,0x000000eb93100000)]
  0x000002d2dfd6ffa0 JavaThread "jar transforms Thread 3" [_thread_blocked, id=11932, stack(0x000000eb93700000,0x000000eb93800000)]
  0x000002d2dfd704b0 JavaThread "Unconstrained build operations Thread 249" [_thread_blocked, id=38804, stack(0x000000eba3500000,0x000000eba3600000)]
  0x000002d2dfd70ed0 JavaThread "Unconstrained build operations Thread 250" [_thread_blocked, id=43528, stack(0x000000eba5500000,0x000000eba5600000)]
  0x000002d2dfd713e0 JavaThread "Unconstrained build operations Thread 251" [_thread_blocked, id=42640, stack(0x000000eba5600000,0x000000eba5700000)]
  0x000002d2dfd6dc30 JavaThread "Unconstrained build operations Thread 252" [_thread_blocked, id=45580, stack(0x000000eba5700000,0x000000eba5800000)]
  0x000002d2dfd72820 JavaThread "Unconstrained build operations Thread 253" [_thread_blocked, id=45428, stack(0x000000eba5800000,0x000000eba5900000)]
  0x000002d2dfd73c60 JavaThread "Unconstrained build operations Thread 254" [_thread_blocked, id=24656, stack(0x000000eba5900000,0x000000eba5a00000)]
  0x000002d2dfd74170 JavaThread "Unconstrained build operations Thread 255" [_thread_blocked, id=43740, stack(0x000000eba5a00000,0x000000eba5b00000)]
  0x000002d2dfd73240 JavaThread "Unconstrained build operations Thread 256" [_thread_blocked, id=39568, stack(0x000000eba5b00000,0x000000eba5c00000)]
  0x000002d2dfd718f0 JavaThread "Unconstrained build operations Thread 257" [_thread_blocked, id=31748, stack(0x000000eba5c00000,0x000000eba5d00000)]
  0x000002d2dfd73750 JavaThread "Unconstrained build operations Thread 258" [_thread_blocked, id=22244, stack(0x000000eba5d00000,0x000000eba5e00000)]
  0x000002d2dfd71e00 JavaThread "Unconstrained build operations Thread 259" [_thread_blocked, id=38992, stack(0x000000eba5e00000,0x000000eba5f00000)]
  0x000002d2dfd72310 JavaThread "Unconstrained build operations Thread 260" [_thread_blocked, id=42268, stack(0x000000eba5f00000,0x000000eba6000000)]
  0x000002d2dfd74680 JavaThread "Unconstrained build operations Thread 261" [_thread_blocked, id=35820, stack(0x000000eba6000000,0x000000eba6100000)]
  0x000002d2dfd72d30 JavaThread "Unconstrained build operations Thread 262" [_thread_blocked, id=36852, stack(0x000000eba6100000,0x000000eba6200000)]
  0x000002d2dfd74b90 JavaThread "Unconstrained build operations Thread 263" [_thread_blocked, id=36484, stack(0x000000eba6200000,0x000000eba6300000)]
  0x000002d2e3f03490 JavaThread "Unconstrained build operations Thread 264" [_thread_blocked, id=42896, stack(0x000000eba6300000,0x000000eba6400000)]
  0x000002d2e3f01b40 JavaThread "Unconstrained build operations Thread 265" [_thread_blocked, id=2404, stack(0x000000eba6400000,0x000000eba6500000)]
  0x000002d2e3f02050 JavaThread "Unconstrained build operations Thread 266" [_thread_blocked, id=38860, stack(0x000000eba6500000,0x000000eba6600000)]
  0x000002d2e3f039a0 JavaThread "Unconstrained build operations Thread 267" [_thread_blocked, id=39556, stack(0x000000eba6600000,0x000000eba6700000)]
  0x000002d2e3f03eb0 JavaThread "Unconstrained build operations Thread 268" [_thread_blocked, id=40900, stack(0x000000eba6700000,0x000000eba6800000)]
  0x000002d2e3f02a70 JavaThread "Unconstrained build operations Thread 269" [_thread_blocked, id=46600, stack(0x000000eba6800000,0x000000eba6900000)]
  0x000002d2e3f01630 JavaThread "Unconstrained build operations Thread 270" [_thread_blocked, id=12964, stack(0x000000eba6900000,0x000000eba6a00000)]
  0x000002d2e3f05d10 JavaThread "Unconstrained build operations Thread 271" [_thread_blocked, id=44588, stack(0x000000eba6a00000,0x000000eba6b00000)]
  0x000002d2e3f05800 JavaThread "Unconstrained build operations Thread 272" [_thread_blocked, id=38532, stack(0x000000eba6b00000,0x000000eba6c00000)]
  0x000002d2e3f02f80 JavaThread "Unconstrained build operations Thread 273" [_thread_blocked, id=30424, stack(0x000000eba6c00000,0x000000eba6d00000)]
  0x000002d2e3f048d0 JavaThread "Unconstrained build operations Thread 274" [_thread_blocked, id=45832, stack(0x000000eba6d00000,0x000000eba6e00000)]
  0x000002d2e3f02560 JavaThread "Unconstrained build operations Thread 275" [_thread_blocked, id=22488, stack(0x000000eba6e00000,0x000000eba6f00000)]
  0x000002d2e3f06220 JavaThread "Unconstrained build operations Thread 276" [_thread_blocked, id=3592, stack(0x000000eba6f00000,0x000000eba7000000)]
  0x000002d2e3f052f0 JavaThread "Unconstrained build operations Thread 277" [_thread_blocked, id=44472, stack(0x000000eba7000000,0x000000eba7100000)]
  0x000002d2e3f04de0 JavaThread "Unconstrained build operations Thread 278" [_thread_blocked, id=43228, stack(0x000000eba7100000,0x000000eba7200000)]
  0x000002d2e3f06730 JavaThread "Unconstrained build operations Thread 279" [_thread_blocked, id=42940, stack(0x000000eba7200000,0x000000eba7300000)]
  0x000002d2e3f06c40 JavaThread "Unconstrained build operations Thread 280" [_thread_blocked, id=45924, stack(0x000000eba7300000,0x000000eba7400000)]
  0x000002d2e3f07b70 JavaThread "Unconstrained build operations Thread 281" [_thread_blocked, id=20700, stack(0x000000eba7400000,0x000000eba7500000)]
  0x000002d2e3f043c0 JavaThread "Unconstrained build operations Thread 282" [_thread_blocked, id=5812, stack(0x000000eba7500000,0x000000eba7600000)]
  0x000002d2e3f0a900 JavaThread "Unconstrained build operations Thread 283" [_thread_blocked, id=17052, stack(0x000000eba7600000,0x000000eba7700000)]
  0x000002d2e3f09ee0 JavaThread "Unconstrained build operations Thread 284" [_thread_blocked, id=22248, stack(0x000000eba7700000,0x000000eba7800000)]
  0x000002d2e3f08080 JavaThread "Unconstrained build operations Thread 285" [_thread_blocked, id=7000, stack(0x000000eba7800000,0x000000eba7900000)]
  0x000002d2e3f08fb0 JavaThread "Unconstrained build operations Thread 286" [_thread_blocked, id=16700, stack(0x000000eba7900000,0x000000eba7a00000)]
  0x000002d2e3f07660 JavaThread "Unconstrained build operations Thread 287" [_thread_blocked, id=43836, stack(0x000000eba7a00000,0x000000eba7b00000)]
  0x000002d2e3f0a3f0 JavaThread "Unconstrained build operations Thread 288" [_thread_blocked, id=16720, stack(0x000000eba7b00000,0x000000eba7c00000)]
  0x000002d2e3f07150 JavaThread "Unconstrained build operations Thread 289" [_thread_blocked, id=38280, stack(0x000000eba7c00000,0x000000eba7d00000)]
  0x000002d2e3f0ae10 JavaThread "Unconstrained build operations Thread 290" [_thread_blocked, id=46980, stack(0x000000eba7d00000,0x000000eba7e00000)]
  0x000002d2e3f094c0 JavaThread "Unconstrained build operations Thread 291" [_thread_blocked, id=44260, stack(0x000000eba7e00000,0x000000eba7f00000)]
  0x000002d2e3f0b320 JavaThread "Unconstrained build operations Thread 292" [_thread_blocked, id=39212, stack(0x000000eba7f00000,0x000000eba8000000)]
  0x000002d2e3f0b830 JavaThread "Unconstrained build operations Thread 293" [_thread_blocked, id=13028, stack(0x000000eba8000000,0x000000eba8100000)]
  0x000002d2e3f0bd40 JavaThread "Unconstrained build operations Thread 294" [_thread_blocked, id=14584, stack(0x000000eba8100000,0x000000eba8200000)]
  0x000002d2e3f08590 JavaThread "Unconstrained build operations Thread 295" [_thread_blocked, id=29248, stack(0x000000eba8200000,0x000000eba8300000)]
  0x000002d2e3f0c250 JavaThread "Unconstrained build operations Thread 296" [_thread_blocked, id=5448, stack(0x000000eba8300000,0x000000eba8400000)]
  0x000002d2e3f08aa0 JavaThread "Unconstrained build operations Thread 297" [_thread_blocked, id=45892, stack(0x000000eba8400000,0x000000eba8500000)]
  0x000002d2e3f099d0 JavaThread "Unconstrained build operations Thread 298" [_thread_blocked, id=38696, stack(0x000000eba8500000,0x000000eba8600000)]
  0x000002d2e3f0e5c0 JavaThread "Unconstrained build operations Thread 299" [_thread_blocked, id=11120, stack(0x000000eba8600000,0x000000eba8700000)]
  0x000002d2e3f0d180 JavaThread "Unconstrained build operations Thread 300" [_thread_blocked, id=43352, stack(0x000000eba8700000,0x000000eba8800000)]
  0x000002d2e3f0d690 JavaThread "Unconstrained build operations Thread 301" [_thread_blocked, id=6404, stack(0x000000eba8800000,0x000000eba8900000)]
  0x000002d2e3f0ff10 JavaThread "Unconstrained build operations Thread 302" [_thread_blocked, id=26572, stack(0x000000eba8900000,0x000000eba8a00000)]
  0x000002d2e3f0dba0 JavaThread "Unconstrained build operations Thread 303" [_thread_blocked, id=17048, stack(0x000000eba8a00000,0x000000eba8b00000)]
  0x000002d2e3f0cc70 JavaThread "Unconstrained build operations Thread 304" [_thread_blocked, id=37516, stack(0x000000eba8b00000,0x000000eba8c00000)]
  0x000002d2e3f0c760 JavaThread "Unconstrained build operations Thread 305" [_thread_blocked, id=37252, stack(0x000000eba8c00000,0x000000eba8d00000)]
  0x000002d2e3f0f4f0 JavaThread "Unconstrained build operations Thread 306" [_thread_blocked, id=44340, stack(0x000000eba8d00000,0x000000eba8e00000)]
  0x000002d2e3f0ead0 JavaThread "Unconstrained build operations Thread 307" [_thread_blocked, id=9780, stack(0x000000eba8e00000,0x000000eba8f00000)]
  0x000002d2e3f0e0b0 JavaThread "Unconstrained build operations Thread 308" [_thread_blocked, id=4172, stack(0x000000eba8f00000,0x000000eba9000000)]
  0x000002d2e3f0efe0 JavaThread "Unconstrained build operations Thread 309" [_thread_blocked, id=45284, stack(0x000000eba9000000,0x000000eba9100000)]
  0x000002d2e3f0fa00 JavaThread "Unconstrained build operations Thread 310" [_thread_blocked, id=18712, stack(0x000000eba9100000,0x000000eba9200000)]
  0x000002d2e3f10930 JavaThread "Unconstrained build operations Thread 311" [_thread_blocked, id=9312, stack(0x000000eba9200000,0x000000eba9300000)]
  0x000002d2e3f10e40 JavaThread "Unconstrained build operations Thread 312" [_thread_blocked, id=26124, stack(0x000000eba9300000,0x000000eba9400000)]
  0x000002d2e1c15ec0 JavaThread "Unconstrained build operations Thread 313" [_thread_blocked, id=43072, stack(0x000000eba9400000,0x000000eba9500000)]
  0x000002d2e1c163d0 JavaThread "jar transforms Thread 4" [_thread_blocked, id=36912, stack(0x000000eba9500000,0x000000eba9600000)]
  0x000002d2e0864e00 JavaThread "C2 CompilerThread2" daemon [_thread_in_native, id=40320, stack(0x000000eba9600000,0x000000eba9700000)]
  0x000002d2e1bbfac0 JavaThread "C2 CompilerThread3" daemon [_thread_in_native, id=40432, stack(0x000000eba9700000,0x000000eba9800000)]

Other Threads:
  0x000002d2992a1930 VMThread "VM Thread" [stack: 0x000000eb8f000000,0x000000eb8f100000] [id=43456]
  0x000002d2fedaa810 WatcherThread [stack: 0x000000eb8ff00000,0x000000eb90000000] [id=38044]
  0x000002d2f2306b80 GCTaskThread "GC Thread#0" [stack: 0x000000eb8eb00000,0x000000eb8ec00000] [id=46860]
  0x000002d2998db5f0 GCTaskThread "GC Thread#1" [stack: 0x000000eb90000000,0x000000eb90100000] [id=46884]
  0x000002d2996e8070 GCTaskThread "GC Thread#2" [stack: 0x000000eb90100000,0x000000eb90200000] [id=45888]
  0x000002d2996e8330 GCTaskThread "GC Thread#3" [stack: 0x000000eb90200000,0x000000eb90300000] [id=44976]
  0x000002d2996e85f0 GCTaskThread "GC Thread#4" [stack: 0x000000eb90300000,0x000000eb90400000] [id=36356]
  0x000002d2995391a0 GCTaskThread "GC Thread#5" [stack: 0x000000eb90400000,0x000000eb90500000] [id=46320]
  0x000002d2df8d9220 GCTaskThread "GC Thread#6" [stack: 0x000000eb91600000,0x000000eb91700000] [id=3708]
  0x000002d2e32abf30 GCTaskThread "GC Thread#7" [stack: 0x000000eb91700000,0x000000eb91800000] [id=37560]
  0x000002d2e1579be0 GCTaskThread "GC Thread#8" [stack: 0x000000eb91800000,0x000000eb91900000] [id=45712]
  0x000002d2e2661890 GCTaskThread "GC Thread#9" [stack: 0x000000eb91900000,0x000000eb91a00000] [id=36660]
  0x000002d2e23908b0 GCTaskThread "GC Thread#10" [stack: 0x000000eb91a00000,0x000000eb91b00000] [id=36712]
  0x000002d2e23913b0 GCTaskThread "GC Thread#11" [stack: 0x000000eb91b00000,0x000000eb91c00000] [id=37224]
  0x000002d2e2390b70 GCTaskThread "GC Thread#12" [stack: 0x000000eb91c00000,0x000000eb91d00000] [id=36752]
  0x000002d2e23910f0 GCTaskThread "GC Thread#13" [stack: 0x000000eb91d00000,0x000000eb91e00000] [id=36652]
  0x000002d2e2391670 GCTaskThread "GC Thread#14" [stack: 0x000000eb91e00000,0x000000eb91f00000] [id=28416]
  0x000002d2e2390070 GCTaskThread "GC Thread#15" [stack: 0x000000eb91f00000,0x000000eb92000000] [id=46984]
  0x000002d2e2391930 GCTaskThread "GC Thread#16" [stack: 0x000000eb92000000,0x000000eb92100000] [id=15204]
  0x000002d2e2391bf0 GCTaskThread "GC Thread#17" [stack: 0x000000eb92100000,0x000000eb92200000] [id=20332]
  0x000002d2e2390e30 GCTaskThread "GC Thread#18" [stack: 0x000000eb92200000,0x000000eb92300000] [id=46000]
  0x000002d2e23905f0 GCTaskThread "GC Thread#19" [stack: 0x000000eb92300000,0x000000eb92400000] [id=9400]
  0x000002d2e2390330 GCTaskThread "GC Thread#20" [stack: 0x000000eb92400000,0x000000eb92500000] [id=40248]
  0x000002d2e2107ae0 GCTaskThread "GC Thread#21" [stack: 0x000000eb92500000,0x000000eb92600000] [id=36648]
  0x000002d2e21093a0 GCTaskThread "GC Thread#22" [stack: 0x000000eb92600000,0x000000eb92700000] [id=46976]
  0x000002d2f22b2e50 ConcurrentGCThread "G1 Main Marker" [stack: 0x000000eb8ec00000,0x000000eb8ed00000] [id=39512]
  0x000002d2f2318dc0 ConcurrentGCThread "G1 Conc#0" [stack: 0x000000eb8ed00000,0x000000eb8ee00000] [id=37592]
  0x000002d2e210a160 ConcurrentGCThread "G1 Conc#1" [stack: 0x000000eb92900000,0x000000eb92a00000] [id=26972]
  0x000002d2e2107560 ConcurrentGCThread "G1 Conc#2" [stack: 0x000000eb92a00000,0x000000eb92b00000] [id=46024]
  0x000002d2e2108b60 ConcurrentGCThread "G1 Conc#3" [stack: 0x000000eb92b00000,0x000000eb92c00000] [id=37624]
  0x000002d2e2109be0 ConcurrentGCThread "G1 Conc#4" [stack: 0x000000eb92c00000,0x000000eb92d00000] [id=12848]
  0x000002d2e2107da0 ConcurrentGCThread "G1 Conc#5" [stack: 0x000000eb92d00000,0x000000eb92e00000] [id=38092]
  0x000002d2fee5cad0 ConcurrentGCThread "G1 Refine#0" [stack: 0x000000eb8ee00000,0x000000eb8ef00000] [id=34196]
  0x000002d2fee5d310 ConcurrentGCThread "G1 Service" [stack: 0x000000eb8ef00000,0x000000eb8f000000] [id=28840]

Threads with active compile tasks:
C2 CompilerThread0    23746 11926       4       groovy.lang.MetaClassImpl::addMetaMethodToIndex (65 bytes)
C1 CompilerThread1    23747 11936       1       org.gradle.plugin.use.internal.DefaultPluginId::toString (5 bytes)
C1 CompilerThread3    23747 11935       3       java.util.ArrayList::forEach (74 bytes)
C2 CompilerThread1    23748 11777   !   4       org.gradle.cache.internal.DefaultMultiProcessSafeIndexedCache::getIfPresent (25 bytes)
C2 CompilerThread2    23748 11927       4       groovy.lang.MetaClassImpl::checkIfStdMethod (178 bytes)
C2 CompilerThread3    23748 11934 % !   4       java.util.jar.Attributes::read @ 214 (494 bytes)

VM state: not at safepoint (normal execution)

VM Mutex/Monitor currently owned by a thread:  ([mutex/lock_event])
[0x000002d2f1e06b10] SystemDictionary_lock - owner thread: 0x0000000000000000
[0x000002d2f2292440] MethodData_lock - owner thread: 0x0000000000000000

Heap address: 0x0000000700000000, size: 4096 MB, Compressed Oops mode: Zero based, Oop shift amount: 3

CDS archive(s) mapped at: [0x000002d29a000000-0x000002d29abd0000-0x000002d29abd0000), size 12386304, SharedBaseAddress: 0x000002d29a000000, ArchiveRelocationMode: 1.
Compressed class space mapped at: 0x000002d29b000000-0x000002d2db000000, reserved size: 1073741824
Narrow klass base: 0x000002d29a000000, Narrow klass shift: 0, Narrow klass range: 0x100000000

GC Precious Log:
 CPUs: 32 total, 32 available
 Memory: 16064M
 Large Page Support: Disabled
 NUMA Support: Disabled
 Compressed Oops: Enabled (Zero based)
 Heap Region Size: 2M
 Heap Min Capacity: 8M
 Heap Initial Capacity: 252M
 Heap Max Capacity: 4G
 Pre-touch: Disabled
 Parallel Workers: 23
 Concurrent Workers: 6
 Concurrent Refinement Workers: 23
 Periodic GC: Disabled

Heap:
 garbage-first heap   total 192512K, used 108204K [0x0000000700000000, 0x0000000800000000)
  region size 2048K, 5 young (10240K), 3 survivors (6144K)
 Metaspace       used 78831K, committed 79616K, reserved 1179648K
  class space    used 10953K, committed 11328K, reserved 1048576K

Heap Regions: E=young(eden), S=young(survivor), O=old, HS=humongous(starts), HC=humongous(continues), CS=collection set, F=free, OA=open archive, CA=closed archive, TAMS=top-at-mark-start (previous, next)
|   0|0x0000000700000000, 0x0000000700200000, 0x0000000700200000|100%|HS|  |TAMS 0x0000000700200000, 0x0000000700000000| Complete 
|   1|0x0000000700200000, 0x0000000700400000, 0x0000000700400000|100%|HC|  |TAMS 0x0000000700400000, 0x0000000700200000| Complete 
|   2|0x0000000700400000, 0x0000000700600000, 0x0000000700600000|100%| O|  |TAMS 0x0000000700600000, 0x0000000700400000| Untracked 
|   3|0x0000000700600000, 0x0000000700800000, 0x0000000700800000|100%| O|  |TAMS 0x0000000700800000, 0x0000000700600000| Untracked 
|   4|0x0000000700800000, 0x0000000700a00000, 0x0000000700a00000|100%| O|  |TAMS 0x0000000700a00000, 0x0000000700800000| Untracked 
|   5|0x0000000700a00000, 0x0000000700c00000, 0x0000000700c00000|100%| O|  |TAMS 0x0000000700c00000, 0x0000000700a00000| Untracked 
|   6|0x0000000700c00000, 0x0000000700e00000, 0x0000000700e00000|100%| O|  |TAMS 0x0000000700e00000, 0x0000000700c00000| Untracked 
|   7|0x0000000700e00000, 0x0000000701000000, 0x0000000701000000|100%| O|  |TAMS 0x0000000701000000, 0x0000000700e00000| Untracked 
|   8|0x0000000701000000, 0x0000000701200000, 0x0000000701200000|100%| O|  |TAMS 0x0000000701200000, 0x0000000701000000| Untracked 
|   9|0x0000000701200000, 0x0000000701400000, 0x0000000701400000|100%| O|  |TAMS 0x0000000701400000, 0x0000000701200000| Untracked 
|  10|0x0000000701400000, 0x0000000701600000, 0x0000000701600000|100%| O|  |TAMS 0x0000000701600000, 0x0000000701400000| Untracked 
|  11|0x0000000701600000, 0x0000000701800000, 0x0000000701800000|100%| O|  |TAMS 0x0000000701800000, 0x0000000701600000| Untracked 
|  12|0x0000000701800000, 0x0000000701a00000, 0x0000000701a00000|100%| O|  |TAMS 0x0000000701a00000, 0x0000000701800000| Untracked 
|  13|0x0000000701a00000, 0x0000000701c00000, 0x0000000701c00000|100%| O|  |TAMS 0x0000000701c00000, 0x0000000701a00000| Untracked 
|  14|0x0000000701c00000, 0x0000000701e00000, 0x0000000701e00000|100%| O|  |TAMS 0x0000000701e00000, 0x0000000701c00000| Untracked 
|  15|0x0000000701e00000, 0x0000000702000000, 0x0000000702000000|100%| O|  |TAMS 0x0000000702000000, 0x0000000701e00000| Untracked 
|  16|0x0000000702000000, 0x0000000702200000, 0x0000000702200000|100%| O|  |TAMS 0x0000000702200000, 0x0000000702000000| Untracked 
|  17|0x0000000702200000, 0x0000000702400000, 0x0000000702400000|100%| O|  |TAMS 0x0000000702400000, 0x0000000702200000| Untracked 
|  18|0x0000000702400000, 0x0000000702600000, 0x0000000702600000|100%| O|  |TAMS 0x0000000702600000, 0x0000000702400000| Untracked 
|  19|0x0000000702600000, 0x0000000702800000, 0x0000000702800000|100%| O|  |TAMS 0x0000000702800000, 0x0000000702600000| Untracked 
|  20|0x0000000702800000, 0x0000000702a00000, 0x0000000702a00000|100%| O|  |TAMS 0x0000000702a00000, 0x0000000702800000| Untracked 
|  21|0x0000000702a00000, 0x0000000702c00000, 0x0000000702c00000|100%| O|  |TAMS 0x0000000702c00000, 0x0000000702a00000| Untracked 
|  22|0x0000000702c00000, 0x0000000702e00000, 0x0000000702e00000|100%| O|  |TAMS 0x0000000702e00000, 0x0000000702c00000| Untracked 
|  23|0x0000000702e00000, 0x0000000703000000, 0x0000000703000000|100%| O|  |TAMS 0x0000000703000000, 0x0000000702e00000| Complete 
|  24|0x0000000703000000, 0x0000000703200000, 0x0000000703200000|100%| O|  |TAMS 0x0000000703200000, 0x0000000703000000| Untracked 
|  25|0x0000000703200000, 0x0000000703400000, 0x0000000703400000|100%|HS|  |TAMS 0x0000000703400000, 0x0000000703200000| Complete 
|  26|0x0000000703400000, 0x0000000703600000, 0x0000000703600000|100%|HS|  |TAMS 0x0000000703600000, 0x0000000703400000| Complete 
|  27|0x0000000703600000, 0x0000000703800000, 0x0000000703800000|100%|HS|  |TAMS 0x0000000703800000, 0x0000000703600000| Complete 
|  28|0x0000000703800000, 0x0000000703a00000, 0x0000000703a00000|100%|HC|  |TAMS 0x0000000703a00000, 0x0000000703800000| Complete 
|  29|0x0000000703a00000, 0x0000000703c00000, 0x0000000703c00000|100%|HS|  |TAMS 0x0000000703c00000, 0x0000000703a00000| Complete 
|  30|0x0000000703c00000, 0x0000000703e00000, 0x0000000703e00000|100%|HC|  |TAMS 0x0000000703e00000, 0x0000000703c00000| Complete 
|  31|0x0000000703e00000, 0x0000000704000000, 0x0000000704000000|100%| O|  |TAMS 0x0000000704000000, 0x0000000703e00000| Untracked 
|  32|0x0000000704000000, 0x0000000704200000, 0x0000000704200000|100%| O|  |TAMS 0x0000000704200000, 0x0000000704000000| Untracked 
|  33|0x0000000704200000, 0x0000000704400000, 0x0000000704400000|100%| O|  |TAMS 0x0000000704400000, 0x0000000704200000| Untracked 
|  34|0x0000000704400000, 0x0000000704600000, 0x0000000704600000|100%| O|  |TAMS 0x0000000704600000, 0x0000000704400000| Untracked 
|  35|0x0000000704600000, 0x0000000704800000, 0x0000000704800000|100%| O|  |TAMS 0x0000000704800000, 0x0000000704600000| Untracked 
|  36|0x0000000704800000, 0x0000000704a00000, 0x0000000704a00000|100%| O|  |TAMS 0x0000000704a00000, 0x0000000704800000| Untracked 
|  37|0x0000000704a00000, 0x0000000704c00000, 0x0000000704c00000|100%| O|  |TAMS 0x0000000704c00000, 0x0000000704a00000| Untracked 
|  38|0x0000000704c00000, 0x0000000704e00000, 0x0000000704e00000|100%| O|  |TAMS 0x0000000704e00000, 0x0000000704c00000| Untracked 
|  39|0x0000000704e00000, 0x0000000705000000, 0x0000000705000000|100%| O|  |TAMS 0x0000000705000000, 0x0000000704e00000| Untracked 
|  40|0x0000000705000000, 0x0000000705200000, 0x0000000705200000|100%| O|  |TAMS 0x0000000705200000, 0x0000000705000000| Untracked 
|  41|0x0000000705200000, 0x0000000705400000, 0x0000000705400000|100%| O|  |TAMS 0x0000000705400000, 0x0000000705200000| Untracked 
|  42|0x0000000705400000, 0x0000000705600000, 0x0000000705600000|100%| O|  |TAMS 0x00000007055cc400, 0x0000000705400000| Untracked 
|  43|0x0000000705600000, 0x0000000705800000, 0x0000000705800000|100%| O|  |TAMS 0x0000000705600000, 0x0000000705600000| Untracked 
|  44|0x0000000705800000, 0x0000000705a00000, 0x0000000705a00000|100%| O|  |TAMS 0x0000000705800000, 0x0000000705800000| Untracked 
|  45|0x0000000705a00000, 0x0000000705c00000, 0x0000000705c00000|100%| O|  |TAMS 0x0000000705a00000, 0x0000000705a00000| Untracked 
|  46|0x0000000705c00000, 0x0000000705e00000, 0x0000000705e00000|100%| O|  |TAMS 0x0000000705c00000, 0x0000000705c00000| Untracked 
|  47|0x0000000705e00000, 0x0000000705ea9c00, 0x0000000706000000| 33%| O|  |TAMS 0x0000000705e00000, 0x0000000705e00000| Untracked 
|  48|0x0000000706000000, 0x0000000706200000, 0x0000000706200000|100%|HS|  |TAMS 0x0000000706000000, 0x0000000706000000| Complete 
|  49|0x0000000706200000, 0x0000000706400000, 0x0000000706400000|100%|HS|  |TAMS 0x0000000706200000, 0x0000000706200000| Complete 
|  50|0x0000000706400000, 0x0000000706400000, 0x0000000706600000|  0%| F|  |TAMS 0x0000000706400000, 0x0000000706400000| Untracked 
|  51|0x0000000706600000, 0x0000000706600000, 0x0000000706800000|  0%| F|  |TAMS 0x0000000706600000, 0x0000000706600000| Untracked 
|  52|0x0000000706800000, 0x0000000706800000, 0x0000000706a00000|  0%| F|  |TAMS 0x0000000706800000, 0x0000000706800000| Untracked 
|  53|0x0000000706a00000, 0x0000000706a00000, 0x0000000706c00000|  0%| F|  |TAMS 0x0000000706a00000, 0x0000000706a00000| Untracked 
|  54|0x0000000706c00000, 0x0000000706c00000, 0x0000000706e00000|  0%| F|  |TAMS 0x0000000706c00000, 0x0000000706c00000| Untracked 
|  55|0x0000000706e00000, 0x0000000706e00000, 0x0000000707000000|  0%| F|  |TAMS 0x0000000706e00000, 0x0000000706e00000| Untracked 
|  56|0x0000000707000000, 0x0000000707000000, 0x0000000707200000|  0%| F|  |TAMS 0x0000000707000000, 0x0000000707000000| Untracked 
|  57|0x0000000707200000, 0x0000000707200000, 0x0000000707400000|  0%| F|  |TAMS 0x0000000707200000, 0x0000000707200000| Untracked 
|  58|0x0000000707400000, 0x0000000707400000, 0x0000000707600000|  0%| F|  |TAMS 0x0000000707400000, 0x0000000707400000| Untracked 
|  59|0x0000000707600000, 0x0000000707600000, 0x0000000707800000|  0%| F|  |TAMS 0x0000000707600000, 0x0000000707600000| Untracked 
|  60|0x0000000707800000, 0x0000000707800000, 0x0000000707a00000|  0%| F|  |TAMS 0x0000000707800000, 0x0000000707800000| Untracked 
|  61|0x0000000707a00000, 0x0000000707a00000, 0x0000000707c00000|  0%| F|  |TAMS 0x0000000707a00000, 0x0000000707a00000| Untracked 
|  62|0x0000000707c00000, 0x0000000707c00000, 0x0000000707e00000|  0%| F|  |TAMS 0x0000000707c00000, 0x0000000707c00000| Untracked 
|  63|0x0000000707e00000, 0x0000000707e00000, 0x0000000708000000|  0%| F|  |TAMS 0x0000000707e00000, 0x0000000707e00000| Untracked 
|  64|0x0000000708000000, 0x0000000708000000, 0x0000000708200000|  0%| F|  |TAMS 0x0000000708000000, 0x0000000708000000| Untracked 
|  65|0x0000000708200000, 0x0000000708200000, 0x0000000708400000|  0%| F|  |TAMS 0x0000000708200000, 0x0000000708200000| Untracked 
|  66|0x0000000708400000, 0x0000000708400000, 0x0000000708600000|  0%| F|  |TAMS 0x0000000708400000, 0x0000000708400000| Untracked 
|  67|0x0000000708600000, 0x0000000708600000, 0x0000000708800000|  0%| F|  |TAMS 0x0000000708600000, 0x0000000708600000| Untracked 
|  68|0x0000000708800000, 0x0000000708800000, 0x0000000708a00000|  0%| F|  |TAMS 0x0000000708800000, 0x0000000708800000| Untracked 
|  69|0x0000000708a00000, 0x0000000708a00000, 0x0000000708c00000|  0%| F|  |TAMS 0x0000000708a00000, 0x0000000708a00000| Untracked 
|  70|0x0000000708c00000, 0x0000000708c00000, 0x0000000708e00000|  0%| F|  |TAMS 0x0000000708c00000, 0x0000000708c00000| Untracked 
|  71|0x0000000708e00000, 0x0000000708e00000, 0x0000000709000000|  0%| F|  |TAMS 0x0000000708e00000, 0x0000000708e00000| Untracked 
|  72|0x0000000709000000, 0x0000000709101430, 0x0000000709200000| 50%| S|CS|TAMS 0x0000000709000000, 0x0000000709000000| Complete 
|  73|0x0000000709200000, 0x0000000709400000, 0x0000000709400000|100%| S|CS|TAMS 0x0000000709200000, 0x0000000709200000| Complete 
|  74|0x0000000709400000, 0x0000000709600000, 0x0000000709600000|100%| S|CS|TAMS 0x0000000709400000, 0x0000000709400000| Complete 
|  75|0x0000000709600000, 0x0000000709600000, 0x0000000709800000|  0%| F|  |TAMS 0x0000000709600000, 0x0000000709600000| Untracked 
|  76|0x0000000709800000, 0x0000000709800000, 0x0000000709a00000|  0%| F|  |TAMS 0x0000000709800000, 0x0000000709800000| Untracked 
|  77|0x0000000709a00000, 0x0000000709a00000, 0x0000000709c00000|  0%| F|  |TAMS 0x0000000709a00000, 0x0000000709a00000| Untracked 
|  78|0x0000000709c00000, 0x0000000709c00000, 0x0000000709e00000|  0%| F|  |TAMS 0x0000000709c00000, 0x0000000709c00000| Untracked 
|  79|0x0000000709e00000, 0x0000000709e00000, 0x000000070a000000|  0%| F|  |TAMS 0x0000000709e00000, 0x0000000709e00000| Untracked 
|  80|0x000000070a000000, 0x000000070a000000, 0x000000070a200000|  0%| F|  |TAMS 0x000000070a000000, 0x000000070a000000| Untracked 
|  81|0x000000070a200000, 0x000000070a200000, 0x000000070a400000|  0%| F|  |TAMS 0x000000070a200000, 0x000000070a200000| Untracked 
|  82|0x000000070a400000, 0x000000070a400000, 0x000000070a600000|  0%| F|  |TAMS 0x000000070a400000, 0x000000070a400000| Untracked 
|  83|0x000000070a600000, 0x000000070a600000, 0x000000070a800000|  0%| F|  |TAMS 0x000000070a600000, 0x000000070a600000| Untracked 
|  84|0x000000070a800000, 0x000000070a800000, 0x000000070aa00000|  0%| F|  |TAMS 0x000000070a800000, 0x000000070a800000| Untracked 
|  85|0x000000070aa00000, 0x000000070aa00000, 0x000000070ac00000|  0%| F|  |TAMS 0x000000070aa00000, 0x000000070aa00000| Untracked 
|  86|0x000000070ac00000, 0x000000070ac00000, 0x000000070ae00000|  0%| F|  |TAMS 0x000000070ac00000, 0x000000070ac00000| Untracked 
|  87|0x000000070ae00000, 0x000000070ae00000, 0x000000070b000000|  0%| F|  |TAMS 0x000000070ae00000, 0x000000070ae00000| Untracked 
|  88|0x000000070b000000, 0x000000070b000000, 0x000000070b200000|  0%| F|  |TAMS 0x000000070b000000, 0x000000070b000000| Untracked 
|  89|0x000000070b200000, 0x000000070b200000, 0x000000070b400000|  0%| F|  |TAMS 0x000000070b200000, 0x000000070b200000| Untracked 
|  90|0x000000070b400000, 0x000000070b400000, 0x000000070b600000|  0%| F|  |TAMS 0x000000070b400000, 0x000000070b400000| Untracked 
|  91|0x000000070b600000, 0x000000070b6da628, 0x000000070b800000| 42%| E|  |TAMS 0x000000070b600000, 0x000000070b600000| Complete 
| 116|0x000000070e800000, 0x000000070ea00000, 0x000000070ea00000|100%| E|CS|TAMS 0x000000070e800000, 0x000000070e800000| Complete 
| 125|0x000000070fa00000, 0x000000070fc00000, 0x000000070fc00000|100%| E|CS|TAMS 0x000000070fa00000, 0x000000070fa00000| Complete 

Card table byte_map: [0x000002d2fd590000,0x000002d2fdd90000] _byte_map_base: 0x000002d2f9d90000

Marking Bits (Prev, Next): (CMBitMap*) 0x000002d2f23070b0, (CMBitMap*) 0x000002d2f23070f0
 Prev Bits: [0x000002d28f000000, 0x000002d293000000)
 Next Bits: [0x000002d293000000, 0x000002d297000000)

Polling page: 0x000002d2f1d10000

Metaspace:

Usage:
  Non-class:     66.30 MB used.
      Class:     10.70 MB used.
       Both:     77.00 MB used.

Virtual space:
  Non-class space:      128.00 MB reserved,      66.69 MB ( 52%) committed,  2 nodes.
      Class space:        1.00 GB reserved,      11.06 MB (  1%) committed,  1 nodes.
             Both:        1.12 GB reserved,      77.75 MB (  7%) committed. 

Chunk freelists:
   Non-Class:  12.97 MB
       Class:  4.75 MB
        Both:  17.72 MB

MaxMetaspaceSize: unlimited
CompressedClassSpaceSize: 1.00 GB
Initial GC threshold: 21.00 MB
Current GC threshold: 129.50 MB
CDS: on
MetaspaceReclaimPolicy: balanced
 - commit_granule_bytes: 65536.
 - commit_granule_words: 8192.
 - virtual_space_node_default_size: 8388608.
 - enlarge_chunks_in_place: 1.
 - new_chunks_are_fully_committed: 0.
 - uncommit_free_chunks: 1.
 - use_allocation_guard: 0.
 - handle_deallocations: 1.


Internal statistics:

num_allocs_failed_limit: 6.
num_arena_births: 998.
num_arena_deaths: 0.
num_vsnodes_births: 3.
num_vsnodes_deaths: 0.
num_space_committed: 1244.
num_space_uncommitted: 0.
num_chunks_returned_to_freelist: 6.
num_chunks_taken_from_freelist: 4225.
num_chunk_merges: 6.
num_chunk_splits: 2717.
num_chunks_enlarged: 1755.
num_inconsistent_stats: 0.

CodeHeap 'non-profiled nmethods': size=118848Kb used=6013Kb max_used=6013Kb free=112834Kb
 bounds [0x000002d287bf0000, 0x000002d2881d0000, 0x000002d28f000000]
CodeHeap 'profiled nmethods': size=118848Kb used=20139Kb max_used=20139Kb free=98708Kb
 bounds [0x000002d280000000, 0x000002d2813b0000, 0x000002d287410000]
CodeHeap 'non-nmethods': size=8064Kb used=4129Kb max_used=4757Kb free=3934Kb
 bounds [0x000002d287410000, 0x000002d2878c0000, 0x000002d287bf0000]
 total_blobs=11341 nmethods=10374 adapters=876
 compilation: enabled
              stopped_count=0, restarted_count=0
 full_count=0

Compilation events (20 events):
Event: 23.359 Thread 0x000002d2e1bbc050 11790       3       org.gradle.internal.operations.DefaultBuildOperationQueue$WorkerRunnable$$Lambda$1036/0x000002d29b787468::create (12 bytes)
Event: 23.359 Thread 0x000002d2993d7380 11791       3       org.gradle.internal.operations.DefaultBuildOperationQueue$WorkerRunnable::lambda$runBatch$0 (9 bytes)
Event: 23.360 Thread 0x000002d2e1bbc050 nmethod 11790 0x000002d281366b90 code [0x000002d281366d40, 0x000002d281366f18]
Event: 23.360 Thread 0x000002d2993d7380 nmethod 11791 0x000002d281367010 code [0x000002d2813671e0, 0x000002d2813675a8]
Event: 23.361 Thread 0x000002d2992c7860 11792       3       org.gradle.api.internal.artifacts.ivyservice.resolveengine.artifact.ArtifactVisitorToResolvedFileVisitorAdapter::prepareForVisit (11 bytes)
Event: 23.361 Thread 0x000002d2993d7380 11793       3       org.gradle.api.internal.artifacts.ivyservice.ResolvedFileCollectionVisitor::prepareForVisit (11 bytes)
Event: 23.361 Thread 0x000002d2e1bbf570 11794       3       org.gradle.api.internal.file.FileCollectionStructureVisitor::prepareForVisit (4 bytes)
Event: 23.361 Thread 0x000002d2993d7380 nmethod 11793 0x000002d281367710 code [0x000002d2813678c0, 0x000002d281367aa8]
Event: 23.361 Thread 0x000002d2e1bbf570 nmethod 11794 0x000002d281367b90 code [0x000002d281367d20, 0x000002d281367e38]
Event: 23.361 Thread 0x000002d2992c7860 nmethod 11792 0x000002d281367f10 code [0x000002d2813680c0, 0x000002d281368348]
Event: 23.361 Thread 0x000002d2993d7380 11795       3       org.gradle.internal.snapshot.PathUtil::computeCombinedCompare (20 bytes)
Event: 23.362 Thread 0x000002d2993d7380 nmethod 11795 0x000002d281368490 code [0x000002d281368640, 0x000002d281368848]
Event: 23.362 Thread 0x000002d2e1bbf570 11796   !   3       org.gradle.internal.work.DefaultWorkerLeaseService::withLocks (53 bytes)
Event: 23.362 Thread 0x000002d2992c7860 11797   !   3       org.gradle.internal.resources.AbstractResourceLockRegistry::whileDisallowingLockChanges (44 bytes)
Event: 23.362 Thread 0x000002d2993d7380 11798       3       org.gradle.internal.operations.DefaultBuildOperationQueue$WorkerRunnable::doRunBatch (44 bytes)
Event: 23.362 Thread 0x000002d2992c7860 nmethod 11797 0x000002d281368910 code [0x000002d281368ae0, 0x000002d281368e78]
Event: 23.362 Thread 0x000002d2993d7380 nmethod 11798 0x000002d281369090 code [0x000002d2813692a0, 0x000002d281369808]
Event: 23.363 Thread 0x000002d2e1bbf570 nmethod 11796 0x000002d281369c10 code [0x000002d281369ec0, 0x000002d28136abf8]
Event: 23.367 Thread 0x000002d2993d7380 11800       3       org.gradle.internal.resources.DefaultResourceLockCoordinationService::withStateLock (15 bytes)
Event: 23.368 Thread 0x000002d2993d7380 nmethod 11800 0x000002d28136b190 code [0x000002d28136b340, 0x000002d28136b668]

GC Heap History (20 events):
Event: 16.035 GC heap before
{Heap before GC invocations=14 (full 0):
 garbage-first heap   total 96256K, used 74886K [0x0000000700000000, 0x0000000800000000)
  region size 2048K, 20 young (40960K), 3 survivors (6144K)
 Metaspace       used 54651K, committed 55232K, reserved 1114112K
  class space    used 7491K, committed 7744K, reserved 1048576K
}
Event: 16.039 GC heap after
{Heap after GC invocations=15 (full 0):
 garbage-first heap   total 96256K, used 44020K [0x0000000700000000, 0x0000000800000000)
  region size 2048K, 3 young (6144K), 3 survivors (6144K)
 Metaspace       used 54651K, committed 55232K, reserved 1114112K
  class space    used 7491K, committed 7744K, reserved 1048576K
}
Event: 16.411 GC heap before
{Heap before GC invocations=15 (full 0):
 garbage-first heap   total 96256K, used 72692K [0x0000000700000000, 0x0000000800000000)
  region size 2048K, 18 young (36864K), 3 survivors (6144K)
 Metaspace       used 55740K, committed 56320K, reserved 1114112K
  class space    used 7663K, committed 7936K, reserved 1048576K
}
Event: 16.416 GC heap after
{Heap after GC invocations=16 (full 0):
 garbage-first heap   total 96256K, used 49366K [0x0000000700000000, 0x0000000800000000)
  region size 2048K, 3 young (6144K), 3 survivors (6144K)
 Metaspace       used 55740K, committed 56320K, reserved 1114112K
  class space    used 7663K, committed 7936K, reserved 1048576K
}
Event: 16.764 GC heap before
{Heap before GC invocations=16 (full 0):
 garbage-first heap   total 96256K, used 73942K [0x0000000700000000, 0x0000000800000000)
  region size 2048K, 15 young (30720K), 3 survivors (6144K)
 Metaspace       used 57307K, committed 57920K, reserved 1114112K
  class space    used 7916K, committed 8192K, reserved 1048576K
}
Event: 16.768 GC heap after
{Heap after GC invocations=17 (full 0):
 garbage-first heap   total 96256K, used 50576K [0x0000000700000000, 0x0000000800000000)
  region size 2048K, 2 young (4096K), 2 survivors (4096K)
 Metaspace       used 57307K, committed 57920K, reserved 1114112K
  class space    used 7916K, committed 8192K, reserved 1048576K
}
Event: 17.167 GC heap before
{Heap before GC invocations=18 (full 0):
 garbage-first heap   total 96256K, used 69008K [0x0000000700000000, 0x0000000800000000)
  region size 2048K, 12 young (24576K), 2 survivors (4096K)
 Metaspace       used 58967K, committed 59584K, reserved 1114112K
  class space    used 8193K, committed 8512K, reserved 1048576K
}
Event: 17.171 GC heap after
{Heap after GC invocations=19 (full 0):
 garbage-first heap   total 192512K, used 51694K [0x0000000700000000, 0x0000000800000000)
  region size 2048K, 1 young (2048K), 1 survivors (2048K)
 Metaspace       used 58967K, committed 59584K, reserved 1114112K
  class space    used 8193K, committed 8512K, reserved 1048576K
}
Event: 18.407 GC heap before
{Heap before GC invocations=19 (full 0):
 garbage-first heap   total 192512K, used 158190K [0x0000000700000000, 0x0000000800000000)
  region size 2048K, 49 young (100352K), 1 survivors (2048K)
 Metaspace       used 67881K, committed 68544K, reserved 1114112K
  class space    used 9402K, committed 9728K, reserved 1048576K
}
Event: 18.412 GC heap after
{Heap after GC invocations=20 (full 0):
 garbage-first heap   total 192512K, used 63804K [0x0000000700000000, 0x0000000800000000)
  region size 2048K, 3 young (6144K), 3 survivors (6144K)
 Metaspace       used 67881K, committed 68544K, reserved 1114112K
  class space    used 9402K, committed 9728K, reserved 1048576K
}
Event: 19.491 GC heap before
{Heap before GC invocations=20 (full 0):
 garbage-first heap   total 192512K, used 158012K [0x0000000700000000, 0x0000000800000000)
  region size 2048K, 47 young (96256K), 3 survivors (6144K)
 Metaspace       used 73134K, committed 73856K, reserved 1114112K
  class space    used 10154K, committed 10496K, reserved 1048576K
}
Event: 19.497 GC heap after
{Heap after GC invocations=21 (full 0):
 garbage-first heap   total 192512K, used 74249K [0x0000000700000000, 0x0000000800000000)
  region size 2048K, 6 young (12288K), 6 survivors (12288K)
 Metaspace       used 73134K, committed 73856K, reserved 1114112K
  class space    used 10154K, committed 10496K, reserved 1048576K
}
Event: 21.308 GC heap before
{Heap before GC invocations=21 (full 0):
 garbage-first heap   total 192512K, used 154121K [0x0000000700000000, 0x0000000800000000)
  region size 2048K, 45 young (92160K), 6 survivors (12288K)
 Metaspace       used 77205K, committed 77888K, reserved 1179648K
  class space    used 10782K, committed 11136K, reserved 1048576K
}
Event: 21.316 GC heap after
{Heap after GC invocations=22 (full 0):
 garbage-first heap   total 192512K, used 83316K [0x0000000700000000, 0x0000000800000000)
  region size 2048K, 6 young (12288K), 6 survivors (12288K)
 Metaspace       used 77205K, committed 77888K, reserved 1179648K
  class space    used 10782K, committed 11136K, reserved 1048576K
}
Event: 21.839 GC heap before
{Heap before GC invocations=22 (full 0):
 garbage-first heap   total 192512K, used 148852K [0x0000000700000000, 0x0000000800000000)
  region size 2048K, 39 young (79872K), 6 survivors (12288K)
 Metaspace       used 77469K, committed 78144K, reserved 1179648K
  class space    used 10785K, committed 11136K, reserved 1048576K
}
Event: 21.846 GC heap after
{Heap after GC invocations=23 (full 0):
 garbage-first heap   total 192512K, used 86004K [0x0000000700000000, 0x0000000800000000)
  region size 2048K, 3 young (6144K), 3 survivors (6144K)
 Metaspace       used 77469K, committed 78144K, reserved 1179648K
  class space    used 10785K, committed 11136K, reserved 1048576K
}
Event: 22.350 GC heap before
{Heap before GC invocations=23 (full 0):
 garbage-first heap   total 192512K, used 149492K [0x0000000700000000, 0x0000000800000000)
  region size 2048K, 35 young (71680K), 3 survivors (6144K)
 Metaspace       used 77476K, committed 78144K, reserved 1179648K
  class space    used 10786K, committed 11136K, reserved 1048576K
}
Event: 22.357 GC heap after
{Heap after GC invocations=24 (full 0):
 garbage-first heap   total 192512K, used 87390K [0x0000000700000000, 0x0000000800000000)
  region size 2048K, 4 young (8192K), 4 survivors (8192K)
 Metaspace       used 77476K, committed 78144K, reserved 1179648K
  class space    used 10786K, committed 11136K, reserved 1048576K
}
Event: 23.181 GC heap before
{Heap before GC invocations=24 (full 0):
 garbage-first heap   total 192512K, used 150878K [0x0000000700000000, 0x0000000800000000)
  region size 2048K, 36 young (73728K), 4 survivors (8192K)
 Metaspace       used 78398K, committed 79168K, reserved 1179648K
  class space    used 10902K, committed 11264K, reserved 1048576K
}
Event: 23.190 GC heap after
{Heap after GC invocations=25 (full 0):
 garbage-first heap   total 192512K, used 98097K [0x0000000700000000, 0x0000000800000000)
  region size 2048K, 5 young (10240K), 5 survivors (10240K)
 Metaspace       used 78398K, committed 79168K, reserved 1179648K
  class space    used 10902K, committed 11264K, reserved 1048576K
}

Dll operation events (14 events):
Event: 0.026 Loaded shared library C:\Program Files\Microsoft\jdk-17.0.8.101-hotspot\bin\java.dll
Event: 0.049 Loaded shared library C:\Program Files\Microsoft\jdk-17.0.8.101-hotspot\bin\jsvml.dll
Event: 0.128 Loaded shared library C:\Program Files\Microsoft\jdk-17.0.8.101-hotspot\bin\zip.dll
Event: 0.136 Loaded shared library C:\Program Files\Microsoft\jdk-17.0.8.101-hotspot\bin\instrument.dll
Event: 0.145 Loaded shared library C:\Program Files\Microsoft\jdk-17.0.8.101-hotspot\bin\net.dll
Event: 0.149 Loaded shared library C:\Program Files\Microsoft\jdk-17.0.8.101-hotspot\bin\nio.dll
Event: 0.155 Loaded shared library C:\Program Files\Microsoft\jdk-17.0.8.101-hotspot\bin\zip.dll
Event: 0.976 Loaded shared library C:\Program Files\Microsoft\jdk-17.0.8.101-hotspot\bin\jimage.dll
Event: 1.376 Loaded shared library C:\Program Files\Microsoft\jdk-17.0.8.101-hotspot\bin\verify.dll
Event: 1.483 Loaded shared library C:\Users\DsDogs\.gradle\native\1def1411415f61bf3af743bc5b6707747c0891f09f0c88961ee8f79bc544acac\windows-amd64\native-platform.dll
Event: 1.511 Loaded shared library C:\Users\DsDogs\.gradle\native\0.2.7\x86_64-windows-gnu\gradle-fileevents.dll
Event: 3.926 Loaded shared library C:\Program Files\Microsoft\jdk-17.0.8.101-hotspot\bin\management.dll
Event: 3.931 Loaded shared library C:\Program Files\Microsoft\jdk-17.0.8.101-hotspot\bin\management_ext.dll
Event: 5.036 Loaded shared library C:\Program Files\Microsoft\jdk-17.0.8.101-hotspot\bin\sunmscapi.dll

Deoptimization events (20 events):
Event: 23.317 Thread 0x000002d2df764350 DEOPT PACKING pc=0x000002d287f82588 sp=0x000000eb90df7be0
Event: 23.317 Thread 0x000002d2df764350 DEOPT UNPACKING pc=0x000002d28746a1a3 sp=0x000000eb90df7b60 mode 2
Event: 23.317 Thread 0x000002d2df764350 Uncommon trap: trap_request=0xffffffc6 fr.pc=0x000002d287f82588 relative=0x00000000000001c8
Event: 23.317 Thread 0x000002d2df764350 Uncommon trap: reason=bimorphic_or_optimized_type_check action=maybe_recompile pc=0x000002d287f82588 method=java.util.ArrayList$ArrayListSpliterator.tryAdvance(Ljava/util/function/Consumer;)Z @ 48 c2
Event: 23.317 Thread 0x000002d2df764350 DEOPT PACKING pc=0x000002d287f82588 sp=0x000000eb90df7be0
Event: 23.317 Thread 0x000002d2df764350 DEOPT UNPACKING pc=0x000002d28746a1a3 sp=0x000000eb90df7b60 mode 2
Event: 23.332 Thread 0x000002d2dfd6dc30 DEOPT PACKING pc=0x000002d2812ef170 sp=0x000000eba57fde10
Event: 23.332 Thread 0x000002d2dfd6dc30 DEOPT UNPACKING pc=0x000002d28746ace3 sp=0x000000eba57fd318 mode 0
Event: 23.349 Thread 0x000002d2df764350 Uncommon trap: trap_request=0xffffffd6 fr.pc=0x000002d28816a98c relative=0x0000000000002c0c
Event: 23.349 Thread 0x000002d2df764350 Uncommon trap: reason=array_check action=maybe_recompile pc=0x000002d28816a98c method=java.util.TimSort.reverseRange([Ljava/lang/Object;II)V @ 27 c2
Event: 23.349 Thread 0x000002d2df764350 DEOPT PACKING pc=0x000002d28816a98c sp=0x000000eb90df52f0
Event: 23.349 Thread 0x000002d2df764350 DEOPT UNPACKING pc=0x000002d28746a1a3 sp=0x000000eb90df5200 mode 2
Event: 23.350 Thread 0x000002d2df764350 Uncommon trap: trap_request=0xffffffd6 fr.pc=0x000002d28816a98c relative=0x0000000000002c0c
Event: 23.350 Thread 0x000002d2df764350 Uncommon trap: reason=array_check action=maybe_recompile pc=0x000002d28816a98c method=java.util.TimSort.reverseRange([Ljava/lang/Object;II)V @ 27 c2
Event: 23.350 Thread 0x000002d2df764350 DEOPT PACKING pc=0x000002d28816a98c sp=0x000000eb90df5370
Event: 23.350 Thread 0x000002d2df764350 DEOPT UNPACKING pc=0x000002d28746a1a3 sp=0x000000eb90df5248 mode 2
Event: 23.354 Thread 0x000002d2e3f05800 DEOPT PACKING pc=0x000002d2812ef170 sp=0x000000eba6bfc9c0
Event: 23.354 Thread 0x000002d2e3f05800 DEOPT UNPACKING pc=0x000002d28746ace3 sp=0x000000eba6bfbec8 mode 0
Event: 23.366 Thread 0x000002d2df764350 DEOPT PACKING pc=0x000002d2812ef170 sp=0x000000eb90df4c90
Event: 23.366 Thread 0x000002d2df764350 DEOPT UNPACKING pc=0x000002d28746ace3 sp=0x000000eb90df4198 mode 0

Classes unloaded (0 events):
No events

Classes redefined (0 events):
No events

Internal exceptions (20 events):
Event: 21.980 Thread 0x000002d2dfd6cd00 Implicit null exception at 0x000002d288124cae to 0x000002d288125584
Event: 22.736 Thread 0x000002d2df764350 Exception <a 'java/lang/NoSuchMethodError'{0x0000000708de2a48}: 'java.lang.Object java.lang.invoke.Invokers$Holder.invokeExact_MT(java.lang.Object, java.lang.Object, java.lang.Object, int, java.lang.Object, java.lang.Object)'> (0x0000000708de2a48) 
thrown [s\src\hotspot\share\interpreter\linkResolver.cpp, line 759]
Event: 23.076 Thread 0x000002d2df764350 Exception <a 'java/lang/ClassNotFoundException'{0x0000000707e85938}: settings_brdslqwk0tu0yvlciq4a84unjBeanInfo> (0x0000000707e85938) 
thrown [s\src\hotspot\share\classfile\systemDictionary.cpp, line 256]
Event: 23.076 Thread 0x000002d2df764350 Exception <a 'java/lang/ClassNotFoundException'{0x0000000707e8c6a0}: settings_brdslqwk0tu0yvlciq4a84unjCustomizer> (0x0000000707e8c6a0) 
thrown [s\src\hotspot\share\classfile\systemDictionary.cpp, line 256]
Event: 23.200 Thread 0x000002d2df764350 Exception <a 'java/lang/ClassNotFoundException'{0x000000070fa7d6d0}: build_6uy9j4pcvj6h5koch39ffx0kzBeanInfo> (0x000000070fa7d6d0) 
thrown [s\src\hotspot\share\classfile\systemDictionary.cpp, line 256]
Event: 23.201 Thread 0x000002d2df764350 Exception <a 'java/lang/ClassNotFoundException'{0x000000070fa88cb8}: org/gradle/api/internal/project/ProjectScriptBeanInfo> (0x000000070fa88cb8) 
thrown [s\src\hotspot\share\classfile\systemDictionary.cpp, line 256]
Event: 23.201 Thread 0x000002d2df764350 Exception <a 'java/lang/ClassNotFoundException'{0x000000070fa94188}: org/gradle/api/internal/project/ProjectScriptCustomizer> (0x000000070fa94188) 
thrown [s\src\hotspot\share\classfile\systemDictionary.cpp, line 256]
Event: 23.203 Thread 0x000002d2df764350 Exception <a 'java/lang/ClassNotFoundException'{0x000000070faac3a0}: build_6uy9j4pcvj6h5koch39ffx0kzCustomizer> (0x000000070faac3a0) 
thrown [s\src\hotspot\share\classfile\systemDictionary.cpp, line 256]
Event: 23.211 Thread 0x000002d2df764350 Exception <a 'java/lang/ClassNotFoundException'{0x000000070fb076a8}: org/gradle/api/internal/initialization/DefaultScriptHandler_DecoratedBeanInfo> (0x000000070fb076a8) 
thrown [s\src\hotspot\share\classfile\systemDictionary.cpp, line 256]
Event: 23.211 Thread 0x000002d2df764350 Exception <a 'java/lang/ClassNotFoundException'{0x000000070fb1b0a8}: org/gradle/api/internal/initialization/DefaultScriptHandlerBeanInfo> (0x000000070fb1b0a8) 
thrown [s\src\hotspot\share\classfile\systemDictionary.cpp, line 256]
Event: 23.212 Thread 0x000002d2df764350 Exception <a 'java/lang/ClassNotFoundException'{0x000000070fb2e700}: org/gradle/api/internal/initialization/DefaultScriptHandlerCustomizer> (0x000000070fb2e700) 
thrown [s\src\hotspot\share\classfile\systemDictionary.cpp, line 256]
Event: 23.213 Thread 0x000002d2df764350 Exception <a 'java/lang/ClassNotFoundException'{0x000000070fb4e678}: org/gradle/api/internal/initialization/DefaultScriptHandler_DecoratedCustomizer> (0x000000070fb4e678) 
thrown [s\src\hotspot\share\classfile\systemDictionary.cpp, line 256]
Event: 23.219 Thread 0x000002d2df764350 Exception <a 'java/lang/ClassNotFoundException'{0x000000070e852168}: org/gradle/api/internal/project/DefaultProject_DecoratedBeanInfo> (0x000000070e852168) 
thrown [s\src\hotspot\share\classfile\systemDictionary.cpp, line 256]
Event: 23.220 Thread 0x000002d2df764350 Exception <a 'java/lang/ClassNotFoundException'{0x000000070e865b40}: org/gradle/api/internal/project/DefaultProjectBeanInfo> (0x000000070e865b40) 
thrown [s\src\hotspot\share\classfile\systemDictionary.cpp, line 256]
Event: 23.220 Thread 0x000002d2df764350 Exception <a 'java/lang/ClassNotFoundException'{0x000000070e878f68}: org/gradle/api/internal/project/DefaultProjectCustomizer> (0x000000070e878f68) 
thrown [s\src\hotspot\share\classfile\systemDictionary.cpp, line 256]
Event: 23.225 Thread 0x000002d2df764350 Exception <a 'java/lang/ClassNotFoundException'{0x000000070e931470}: org/gradle/api/internal/project/DefaultProject_DecoratedCustomizer> (0x000000070e931470) 
thrown [s\src\hotspot\share\classfile\systemDictionary.cpp, line 256]
Event: 23.253 Thread 0x000002d2df764350 Exception <a 'java/lang/ClassNotFoundException'{0x000000070b674b00}: org/gradle/api/internal/artifacts/dsl/dependencies/DefaultDependencyHandler_DecoratedBeanInfo> (0x000000070b674b00) 
thrown [s\src\hotspot\share\classfile\systemDictionary.cpp, line 256]
Event: 23.253 Thread 0x000002d2df764350 Exception <a 'java/lang/ClassNotFoundException'{0x000000070b68e8e8}: org/gradle/api/internal/artifacts/dsl/dependencies/DefaultDependencyHandlerBeanInfo> (0x000000070b68e8e8) 
thrown [s\src\hotspot\share\classfile\systemDictionary.cpp, line 256]
Event: 23.254 Thread 0x000002d2df764350 Exception <a 'java/lang/ClassNotFoundException'{0x000000070b6a6e78}: org/gradle/api/internal/artifacts/dsl/dependencies/DefaultDependencyHandlerCustomizer> (0x000000070b6a6e78) 
thrown [s\src\hotspot\share\classfile\systemDictionary.cpp, line 256]
Event: 23.257 Thread 0x000002d2df764350 Exception <a 'java/lang/ClassNotFoundException'{0x000000070b6e7c00}: org/gradle/api/internal/artifacts/dsl/dependencies/DefaultDependencyHandler_DecoratedCustomizer> (0x000000070b6e7c00) 
thrown [s\src\hotspot\share\classfile\systemDictionary.cpp, line 256]

VM Operations (20 events):
Event: 21.308 Executing VM operation: G1CollectForAllocation
Event: 21.316 Executing VM operation: G1CollectForAllocation done
Event: 21.528 Executing VM operation: HandshakeAllThreads
Event: 21.529 Executing VM operation: HandshakeAllThreads done
Event: 21.559 Executing VM operation: ICBufferFull
Event: 21.560 Executing VM operation: ICBufferFull done
Event: 21.838 Executing VM operation: G1CollectForAllocation
Event: 21.846 Executing VM operation: G1CollectForAllocation done
Event: 22.350 Executing VM operation: G1CollectForAllocation
Event: 22.357 Executing VM operation: G1CollectForAllocation done
Event: 22.558 Executing VM operation: HandshakeAllThreads
Event: 22.559 Executing VM operation: HandshakeAllThreads done
Event: 22.683 Executing VM operation: ICBufferFull
Event: 22.683 Executing VM operation: ICBufferFull done
Event: 22.792 Executing VM operation: HandshakeAllThreads
Event: 22.792 Executing VM operation: HandshakeAllThreads done
Event: 23.181 Executing VM operation: G1CollectForAllocation
Event: 23.190 Executing VM operation: G1CollectForAllocation done
Event: 23.322 Executing VM operation: ICBufferFull
Event: 23.322 Executing VM operation: ICBufferFull done

Events (20 events):
Event: 23.328 Thread 0x000002d2e3f02a70 Thread added: 0x000002d2e3f02a70
Event: 23.328 Thread 0x000002d2e3f01630 Thread added: 0x000002d2e3f01630
Event: 23.350 Thread 0x000002d2e3f05d10 Thread added: 0x000002d2e3f05d10
Event: 23.351 Thread 0x000002d2e3f05800 Thread added: 0x000002d2e3f05800
Event: 23.352 Thread 0x000002d2e3f02f80 Thread added: 0x000002d2e3f02f80
Event: 23.353 Thread 0x000002d2e3f048d0 Thread added: 0x000002d2e3f048d0
Event: 23.354 Thread 0x000002d2e3f02560 Thread added: 0x000002d2e3f02560
Event: 23.355 Thread 0x000002d2e3f06220 Thread added: 0x000002d2e3f06220
Event: 23.356 Thread 0x000002d2e3f052f0 Thread added: 0x000002d2e3f052f0
Event: 23.357 Thread 0x000002d2e3f04de0 Thread added: 0x000002d2e3f04de0
Event: 23.358 Thread 0x000002d2e3f06730 Thread added: 0x000002d2e3f06730
Event: 23.359 Thread 0x000002d2e3f06c40 Thread added: 0x000002d2e3f06c40
Event: 23.360 Thread 0x000002d2e3f07b70 Thread added: 0x000002d2e3f07b70
Event: 23.362 Thread 0x000002d2e3f043c0 Thread added: 0x000002d2e3f043c0
Event: 23.363 Thread 0x000002d2e3f0a900 Thread added: 0x000002d2e3f0a900
Event: 23.364 Thread 0x000002d2e3f09ee0 Thread added: 0x000002d2e3f09ee0
Event: 23.365 Thread 0x000002d2e3f08080 Thread added: 0x000002d2e3f08080
Event: 23.366 Thread 0x000002d2e3f08fb0 Thread added: 0x000002d2e3f08fb0
Event: 23.367 Thread 0x000002d2e3f07660 Thread added: 0x000002d2e3f07660
Event: 23.368 Thread 0x000002d2e3f0a3f0 Thread added: 0x000002d2e3f0a3f0


Dynamic libraries:
0x00007ff6bfad0000 - 0x00007ff6bfade000 	C:\Program Files\Microsoft\jdk-17.0.8.101-hotspot\bin\java.exe
0x00007ffbf07e0000 - 0x00007ffbf0a46000 	C:\WINDOWS\SYSTEM32\ntdll.dll
0x00007ffbefe90000 - 0x00007ffbeff59000 	C:\WINDOWS\System32\KERNEL32.DLL
0x00007ffbedf80000 - 0x00007ffbee37e000 	C:\WINDOWS\System32\KERNELBASE.dll
0x00007ffbedd90000 - 0x00007ffbededc000 	C:\WINDOWS\System32\ucrtbase.dll
0x00007ffb736d0000 - 0x00007ffb736e7000 	C:\Program Files\Microsoft\jdk-17.0.8.101-hotspot\bin\jli.dll
0x00007ffb89a30000 - 0x00007ffb89a4b000 	C:\Program Files\Microsoft\jdk-17.0.8.101-hotspot\bin\VCRUNTIME140.dll
0x00007ffbee630000 - 0x00007ffbee7f7000 	C:\WINDOWS\System32\USER32.dll
0x00007ffbedd60000 - 0x00007ffbedd87000 	C:\WINDOWS\System32\win32u.dll
0x00007ffbf0640000 - 0x00007ffbf066b000 	C:\WINDOWS\System32\GDI32.dll
0x00007ffbedc30000 - 0x00007ffbedd5a000 	C:\WINDOWS\System32\gdi32full.dll
0x00007ffbedb80000 - 0x00007ffbedc23000 	C:\WINDOWS\System32\msvcp_win.dll
0x00007ffbd2600000 - 0x00007ffbd2892000 	C:\WINDOWS\WinSxS\amd64_microsoft.windows.common-controls_6595b64144ccf1df_6.0.26100.8875_none_3e0d5d42e32fe9dd\COMCTL32.dll
0x00007ffbef310000 - 0x00007ffbef3b9000 	C:\WINDOWS\System32\msvcrt.dll
0x00007ffbeece0000 - 0x00007ffbeed12000 	C:\WINDOWS\System32\IMM32.DLL
0x00007ffbb3c60000 - 0x00007ffbb3c6c000 	C:\Program Files\Microsoft\jdk-17.0.8.101-hotspot\bin\vcruntime140_1.dll
0x00007ffb281f0000 - 0x00007ffb2827d000 	C:\Program Files\Microsoft\jdk-17.0.8.101-hotspot\bin\msvcp140.dll
0x00007ffacfc30000 - 0x00007ffad0895000 	C:\Program Files\Microsoft\jdk-17.0.8.101-hotspot\bin\server\jvm.dll
0x00007ffbef630000 - 0x00007ffbef6e7000 	C:\WINDOWS\System32\ADVAPI32.dll
0x00007ffbf0670000 - 0x00007ffbf071a000 	C:\WINDOWS\System32\sechost.dll
0x00007ffbef3c0000 - 0x00007ffbef4d8000 	C:\WINDOWS\System32\RPCRT4.dll
0x00007ffbcb070000 - 0x00007ffbcb07a000 	C:\WINDOWS\SYSTEM32\WSOCK32.dll
0x00007ffbee9f0000 - 0x00007ffbeea70000 	C:\WINDOWS\System32\WS2_32.dll
0x00007ffbed860000 - 0x00007ffbed8be000 	C:\WINDOWS\SYSTEM32\POWRPROF.dll
0x00007ffbe6720000 - 0x00007ffbe672b000 	C:\WINDOWS\SYSTEM32\VERSION.dll
0x00007ffbe0060000 - 0x00007ffbe0096000 	C:\WINDOWS\SYSTEM32\WINMM.dll
0x00007ffbed840000 - 0x00007ffbed854000 	C:\WINDOWS\SYSTEM32\UMPDC.dll
0x00007ffbec6a0000 - 0x00007ffbec6bb000 	C:\WINDOWS\SYSTEM32\kernel.appcore.dll
0x00007ffb9fc50000 - 0x00007ffb9fc5a000 	C:\Program Files\Microsoft\jdk-17.0.8.101-hotspot\bin\jimage.dll
0x00007ffbeb030000 - 0x00007ffbeb272000 	C:\WINDOWS\SYSTEM32\DBGHELP.DLL
0x00007ffbeed20000 - 0x00007ffbef0a3000 	C:\WINDOWS\System32\combase.dll
0x00007ffbef500000 - 0x00007ffbef5d9000 	C:\WINDOWS\System32\OLEAUT32.dll
0x00007ffbc94e0000 - 0x00007ffbc951b000 	C:\WINDOWS\SYSTEM32\dbgcore.DLL
0x00007ffbee390000 - 0x00007ffbee43c000 	C:\WINDOWS\System32\bcryptPrimitives.dll
0x00007ffb993f0000 - 0x00007ffb993fe000 	C:\Program Files\Microsoft\jdk-17.0.8.101-hotspot\bin\instrument.dll
0x00007ffb56b30000 - 0x00007ffb56b55000 	C:\Program Files\Microsoft\jdk-17.0.8.101-hotspot\bin\java.dll
0x00007ffaf1d30000 - 0x00007ffaf1e07000 	C:\Program Files\Microsoft\jdk-17.0.8.101-hotspot\bin\jsvml.dll
0x00007ffbef6f0000 - 0x00007ffbefe82000 	C:\WINDOWS\System32\SHELL32.dll
0x00007ffbeb480000 - 0x00007ffbebd12000 	C:\WINDOWS\SYSTEM32\windows.storage.dll
0x00007ffbee510000 - 0x00007ffbee607000 	C:\WINDOWS\System32\SHCORE.dll
0x00007ffbf05d0000 - 0x00007ffbf0637000 	C:\WINDOWS\System32\shlwapi.dll
0x00007ffbed920000 - 0x00007ffbed949000 	C:\WINDOWS\SYSTEM32\profapi.dll
0x00007ffb55480000 - 0x00007ffb55498000 	C:\Program Files\Microsoft\jdk-17.0.8.101-hotspot\bin\zip.dll
0x00007ffb6e180000 - 0x00007ffb6e199000 	C:\Program Files\Microsoft\jdk-17.0.8.101-hotspot\bin\net.dll
0x00007ffbe1fa0000 - 0x00007ffbe20c7000 	C:\WINDOWS\SYSTEM32\WINHTTP.dll
0x00007ffbecc30000 - 0x00007ffbecc9c000 	C:\WINDOWS\system32\mswsock.dll
0x00007ffb5e920000 - 0x00007ffb5e936000 	C:\Program Files\Microsoft\jdk-17.0.8.101-hotspot\bin\nio.dll
0x00007ffb9eba0000 - 0x00007ffb9ebb0000 	C:\Program Files\Microsoft\jdk-17.0.8.101-hotspot\bin\verify.dll
0x00007ffb52cf0000 - 0x00007ffb52d17000 	C:\Users\DsDogs\.gradle\native\1def1411415f61bf3af743bc5b6707747c0891f09f0c88961ee8f79bc544acac\windows-amd64\native-platform.dll
0x00007ffb52740000 - 0x00007ffb527b8000 	C:\Users\DsDogs\.gradle\native\0.2.7\x86_64-windows-gnu\gradle-fileevents.dll
0x00007ffb940d0000 - 0x00007ffb940d9000 	C:\Program Files\Microsoft\jdk-17.0.8.101-hotspot\bin\management.dll
0x00007ffb93b80000 - 0x00007ffb93b8b000 	C:\Program Files\Microsoft\jdk-17.0.8.101-hotspot\bin\management_ext.dll
0x00007ffbee9e0000 - 0x00007ffbee9e8000 	C:\WINDOWS\System32\PSAPI.DLL
0x00007ffbec0a0000 - 0x00007ffbec0d3000 	C:\WINDOWS\SYSTEM32\IPHLPAPI.DLL
0x00007ffbef4f0000 - 0x00007ffbef4fa000 	C:\WINDOWS\System32\NSI.dll
0x00007ffbe1df0000 - 0x00007ffbe1e0d000 	C:\WINDOWS\SYSTEM32\dhcpcsvc6.DLL
0x00007ffbe1940000 - 0x00007ffbe1965000 	C:\WINDOWS\SYSTEM32\dhcpcsvc.DLL
0x00007ffbec140000 - 0x00007ffbec296000 	C:\WINDOWS\SYSTEM32\DNSAPI.dll
0x00007ffbeca30000 - 0x00007ffbeca3d000 	C:\WINDOWS\SYSTEM32\DSPARSE.dll
0x00007ffbed060000 - 0x00007ffbed07b000 	C:\WINDOWS\SYSTEM32\CRYPTSP.dll
0x00007ffbec600000 - 0x00007ffbec639000 	C:\WINDOWS\system32\rsaenh.dll
0x00007ffbeccf0000 - 0x00007ffbecd22000 	C:\WINDOWS\SYSTEM32\USERENV.dll
0x00007ffbed8f0000 - 0x00007ffbed91a000 	C:\WINDOWS\SYSTEM32\bcrypt.dll
0x00007ffbecea0000 - 0x00007ffbeceac000 	C:\WINDOWS\SYSTEM32\CRYPTBASE.dll
0x00007ffb938a0000 - 0x00007ffb938ae000 	C:\Program Files\Microsoft\jdk-17.0.8.101-hotspot\bin\sunmscapi.dll
0x00007ffbeda00000 - 0x00007ffbedb78000 	C:\WINDOWS\System32\CRYPT32.dll
0x00007ffbed1d0000 - 0x00007ffbed200000 	C:\WINDOWS\SYSTEM32\ncrypt.dll
0x00007ffbed180000 - 0x00007ffbed1bf000 	C:\WINDOWS\SYSTEM32\NTASN1.dll
0x00007ffb9c140000 - 0x00007ffb9c148000 	C:\WINDOWS\system32\wshunix.dll
0x00007ffbe5500000 - 0x00007ffbe550b000 	C:\Windows\System32\rasadhlp.dll
0x00007ffbe0d70000 - 0x00007ffbe0df6000 	C:\WINDOWS\System32\fwpuclnt.dll
0x00007ffbaf4f0000 - 0x00007ffbaf508000 	C:\WINDOWS\system32\napinsp.dll
0x00007ffbaf490000 - 0x00007ffbaf4a3000 	C:\WINDOWS\System32\winrnr.dll
0x00007ffbaf4b0000 - 0x00007ffbaf4d2000 	C:\WINDOWS\system32\nlansp_c.dll
0x00007ffbe5510000 - 0x00007ffbe5526000 	C:\WINDOWS\system32\wshbth.dll

dbghelp: loaded successfully - version: 4.0.5 - missing functions: none
symbol engine: initialized successfully - sym options: 0x614 - pdb path: .;C:\Program Files\Microsoft\jdk-17.0.8.101-hotspot\bin;C:\WINDOWS\SYSTEM32;C:\WINDOWS\WinSxS\amd64_microsoft.windows.common-controls_6595b64144ccf1df_6.0.26100.8875_none_3e0d5d42e32fe9dd;C:\Program Files\Microsoft\jdk-17.0.8.101-hotspot\bin\server;C:\Users\DsDogs\.gradle\native\1def1411415f61bf3af743bc5b6707747c0891f09f0c88961ee8f79bc544acac\windows-amd64;C:\Users\DsDogs\.gradle\native\0.2.7\x86_64-windows-gnu

VM Arguments:
jvm_args: --add-opens=java.base/java.lang=ALL-UNNAMED --add-opens=java.base/java.lang.invoke=ALL-UNNAMED --add-opens=java.base/java.util=ALL-UNNAMED --add-opens=java.prefs/java.util.prefs=ALL-UNNAMED --add-exports=jdk.compiler/com.sun.tools.javac.api=ALL-UNNAMED --add-exports=jdk.compiler/com.sun.tools.javac.util=ALL-UNNAMED --add-opens=java.base/java.util=ALL-UNNAMED --add-opens=java.prefs/java.util.prefs=ALL-UNNAMED --add-opens=java.base/java.nio.charset=ALL-UNNAMED --add-opens=java.base/java.net=ALL-UNNAMED --add-opens=java.base/java.util.concurrent.atomic=ALL-UNNAMED --add-opens=java.xml/javax.xml.namespace=ALL-UNNAMED -Xmx4G -Dfile.encoding=GBK -Duser.country=CN -Duser.language=zh -Duser.variant -javaagent:C:\Users\DsDogs\.gradle\wrapper\dists\gradle-8.14-all\8mguqc37c200i71ledpgw8n5m\gradle-8.14\lib\agents\gradle-instrumentation-agent-8.14.jar 
java_command: org.gradle.launcher.daemon.bootstrap.GradleDaemon 8.14
java_class_path (initial): C:\Users\DsDogs\.gradle\wrapper\dists\gradle-8.14-all\8mguqc37c200i71ledpgw8n5m\gradle-8.14\lib\gradle-daemon-main-8.14.jar
Launcher Type: SUN_STANDARD

[Global flags]
     intx CICompilerCount                          = 15                                        {product} {ergonomic}
     uint ConcGCThreads                            = 6                                         {product} {ergonomic}
     uint G1ConcRefinementThreads                  = 23                                        {product} {ergonomic}
   size_t G1HeapRegionSize                         = 2097152                                   {product} {ergonomic}
    uintx GCDrainStackTargetSize                   = 64                                        {product} {ergonomic}
   size_t InitialHeapSize                          = 264241152                                 {product} {ergonomic}
   size_t MarkStackSize                            = 4194304                                   {product} {ergonomic}
   size_t MaxHeapSize                              = 4294967296                                {product} {command line}
   size_t MaxNewSize                               = 2575302656                                {product} {ergonomic}
   size_t MinHeapDeltaBytes                        = 2097152                                   {product} {ergonomic}
   size_t MinHeapSize                              = 8388608                                   {product} {ergonomic}
    uintx NonNMethodCodeHeapSize                   = 8192380                                {pd product} {ergonomic}
    uintx NonProfiledCodeHeapSize                  = 121732930                              {pd product} {ergonomic}
    uintx ProfiledCodeHeapSize                     = 121732930                              {pd product} {ergonomic}
    uintx ReservedCodeCacheSize                    = 251658240                              {pd product} {ergonomic}
     bool SegmentedCodeCache                       = true                                      {product} {ergonomic}
   size_t SoftMaxHeapSize                          = 4294967296                             {manageable} {ergonomic}
     bool UseCompressedClassPointers               = true                           {product lp64_product} {ergonomic}
     bool UseCompressedOops                        = true                           {product lp64_product} {ergonomic}
     bool UseG1GC                                  = true                                      {product} {ergonomic}
     bool UseLargePagesIndividualAllocation        = false                                  {pd product} {ergonomic}

Logging:
Log output configuration:
 #0: stdout all=warning uptime,level,tags
 #1: stderr all=off uptime,level,tags

Environment Variables:
JAVA_HOME=C:\Program Files\Microsoft\jdk-17.0.8.101-hotspot
CLASSPATH=C:\Users\DsDogs\Desktop\developper\Varnamalaplus\Varnamalaplus\android\\gradle\wrapper\gradle-wrapper.jar
PATH=C:\Program Files\Microsoft\jdk-17.0.8.101-hotspot\bin;C:\Users\DsDogs\Desktop\developper\flutter;C:\Program Files\Zulu\zulu-8\bin\;C:\Program Files\Common Files\Oracle\Java\javapath;C:\Program Files\Microsoft\jdk-17.0.8.101-hotspot\bin;C:\Program Files (x86)\Common Files\Intel\Shared Libraries\redist\intel64\compiler;C:\Windows\system32;C:\Windows;C:\Windows\System32\Wbem;C:\Windows\System32\WindowsPowerShell\v1.0\;C:\Windows\System32\OpenSSH\;C:\Program Files (x86)\NVIDIA Corporation\PhysX\Common;C:\Program Files\NVIDIA Corporation\NVIDIA NvDLISR;C:\WINDOWS\system32;C:\WINDOWS;C:\WINDOWS\System32\Wbem;C:\WINDOWS\System32\WindowsPowerShell\v1.0\;C:\WINDOWS\System32\OpenSSH\;C:\Program Files\dotnet\;C:\Users\DsDogs\Desktop\kotlinc\bin;D:\Software\PCSUITVIVI\pcsuite\;C:\Users\DsDogs\AppData\Local\Programs\Python\Python313;E:\New Folder\;C:\Program Files\Git\cmd;C:\Program Files\PowerShell\7\;C:\Users\DsDogs\.minimax\bin;C:\Users\DsDogs\Desktop\developper\flutter_flutter\bin;C:\Users\DsDogs\.meituan-catpaw\bin;C:\Users\DsDogs\.kimi-code\bin;C:\Users\DsDogs\AppData\Local\agy\bin;C:\Users\DsDogs\.grok\bin;C:\Program Files\Zulu\zulu-8\bin\;C:\Program Files\Common Files\Oracle\Java\javapath;C:\Program Files\Microsoft\jdk-17.0.8.101-hotspot\bin;C:\Program Files (x86)\Common Files\Intel\Shared Libraries\redist\intel64\compiler;C:\Windows\system32;C:\Windows;C:\Windows\System32\Wbem;C:\Windows\System32\WindowsPowerShell\v1.0\;C:\Windows\System32\OpenSSH\;C:\Program Files (x86)\NVIDIA Corporation\PhysX\Common;C:\Program Files\NVIDIA Corporation\NVIDIA NvDLISR;C:\WINDOWS\system32;C:\WINDOWS;C:\WINDOWS\System32\Wbem;C:\WINDOWS\System32\WindowsPowerShell\v1.0\;C:\WINDOWS\System32\OpenSSH\;C:\Program Files\dotnet\;C:\Users\DsDogs\Desktop\kotlinc\bin;D:\Software\PCSUITVIVI\pcsuite\;C:\Users\DsDogs\AppData\Local\Programs\Python\Python313;C:\Program Files\Git\cmd;C:\Program Files\QoderCN\bin;\\?\C:\Users\DsDogs\AppData\Local\Programs\Jan\resources\bin;C:\Users\DsDogs\AppData\Local\
USERNAME=DsDogs
OS=Windows_NT
PROCESSOR_IDENTIFIER=AMD64 Family 25 Model 97 Stepping 2, AuthenticAMD
TMP=C:\Users\DsDogs\AppData\Local\Temp
TEMP=C:\Users\DsDogs\AppData\Local\Temp



---------------  S Y S T E M  ---------------

OS:
 Windows 11 , 64 bit Build 26100 (10.0.26100.8875)
OS uptime: 0 days 23:41 hours
Hyper-V role detected

CPU: total 32 (initial active 32) (32 cores per cpu, 2 threads per core) family 25 model 97 stepping 2 microcode 0xa601203, cx8, cmov, fxsr, ht, mmx, 3dnowpref, sse, sse2, sse3, ssse3, sse4a, sse4.1, sse4.2, popcnt, lzcnt, tsc, tscinvbit, avx, avx2, aes, erms, clmul, bmi1, bmi2, adx, avx512f, avx512dq, avx512cd, avx512bw, avx512vl, sha, fma, vzeroupper, avx512_vpopcntdq, avx512_vpclmulqdq, avx512_vaes, avx512_vnni, clflush, clflushopt, avx512_vbmi2, avx512_vbmi, hv
Processor Information for all 32 processors :
  Max Mhz: 2501, Current Mhz: 2007, Mhz Limit: 2501

Memory: 4k page, system-wide physical 16064M (3009M free)
TotalPageFile size 36544M (AvailPageFile size 13490M)
current process WorkingSet (physical memory assigned to process): 457M, peak: 457M
current process commit charge ("private bytes"): 539M, peak: 539M

vm_info: OpenJDK 64-Bit Server VM (17.0.8.1+1-LTS) for windows-amd64 JRE (17.0.8.1+1-LTS), built on Aug 23 2023 17:38:52 by "MicrosoftCorporation" with MS VC++ 16.10 / 16.11 (VS2019)

END.
